date,equity,capital,unrealized_pnl,open_positions,spot
2022-01-03,100000.0,100000.0,0.0,0,453.21038818359375
2022-01-05,100000.0,100000.0,0.0,0,444.35888671875
2022-01-07,100000.0,100000.0,0.0,0,442.18634033203125
2022-01-10,100000.0,100000.0,0.0,0,441.6361083984375
2022-01-12,100000.0,100000.0,0.0,0,446.8634948730469
2022-01-14,100000.0,100000.0,0.0,0,440.8865661621094
2022-01-19,100000.0,100000.0,0.0,0,428.581787109375
2022-01-21,100000.0,100000.0,0.0,0,415.51800537109375
2022-01-24,100000.0,100000.0,0.0,0,417.2826232910156
2022-01-26,100000.0,100000.0,0.0,0,411.1539001464844
2022-01-28,100000.0,100000.0,0.0,0,419.28448486328125
2022-01-31,100000.0,100000.0,0.0,0,426.8361511230469
2022-02-02,100000.0,100000.0,0.0,0,433.8946228027344
2022-02-04,100000.0,100000.0,0.0,0,425.6882019042969
2022-02-07,100000.0,100000.0,0.0,0,424.32208251953125
2022-02-09,100000.0,100000.0,0.0,0,434.0748596191406
2022-02-11,100000.0,100000.0,0.0,0,417.87078857421875
2022-02-14,100000.0,100000.0,0.0,0,416.5046081542969
2022-02-16,100000.0,100000.0,0.0,0,423.69586181640625
2022-02-23,100000.0,100000.0,0.0,1,400.31011962890625
2022-02-25,100000.0,100000.0,0.0,2,415.2997741699219
2022-02-28,100000.0,100000.0,0.0,3,414.2371826171875
2022-03-02,100000.0,100000.0,0.0,4,415.4326171875
2022-03-04,100000.0,100000.0,0.0,5,410.0059814453125
2022-03-07,100000.0,100000.0,0.0,6,397.9193115234375
2022-03-09,101695.61665771484,101695.61665771484,0.0,6,405.4900817871094
2022-03-11,103076.48228759765,103076.48228759765,0.0,6,398.52655029296875
2022-03-14,104348.33045654297,104348.33045654297,0.0,6,395.61395263671875
2022-03-16,106759.97295654297,106759.97295654297,0.0,6,413.279052734375
2022-03-18,107812.61226806641,107812.61226806641,0.0,6,423.03265380859375
2022-03-21,107661.82772949219,107661.82772949219,0.0,5,422.9089660644531
2022-03-23,108234.06424316406,108234.06424316406,0.0,4,422.3475341796875
2022-03-25,107116.42111328125,107116.42111328125,0.0,3,430.80780029296875
2022-03-28,105442.90432861328,105442.90432861328,0.0,2,433.8721008300781
2022-03-30,105179.34521728515,105179.34521728515,0.0,1,436.5272216796875
2022-04-01,106641.6990234375,106641.6990234375,0.0,0,431.0267028808594
2022-04-04,106641.6990234375,106641.6990234375,0.0,0,434.7191467285156
2022-04-06,106641.6990234375,106641.6990234375,0.0,0,424.93603515625
2022-04-08,106641.6990234375,106641.6990234375,0.0,0,425.9352722167969
2022-04-11,106641.6990234375,106641.6990234375,0.0,0,418.65509033203125
2022-04-13,106641.6990234375,106641.6990234375,0.0,0,421.8811950683594
2022-04-18,106641.6990234375,106641.6990234375,0.0,0,416.79937744140625
2022-04-20,106641.6990234375,106641.6990234375,0.0,0,423.2135009765625
2022-04-22,106641.6990234375,106641.6990234375,0.0,1,405.4460144042969
2022-04-25,106641.6990234375,106641.6990234375,0.0,2,407.796630859375
2022-04-27,106641.6990234375,106641.6990234375,0.0,3,397.0998840332031
2022-05-02,106641.6990234375,106641.6990234375,0.0,4,394.4447937011719
2022-05-04,106641.6990234375,106641.6990234375,0.0,4,408.3200378417969
2022-05-06,106978.58701904297,106978.58701904297,0.0,4,391.4565734863281
2022-05-09,105527.08211914063,105527.08211914063,0.0,4,378.9231872558594
2022-05-11,105070.46667724609,105070.46667724609,0.0,4,373.7651672363281
2022-05-13,105070.46667724609,105070.46667724609,0.0,5,382.3016052246094
2022-05-16,105390.05275634765,105390.05275634765,0.0,4,380.75042724609375
2022-05-18,105390.05275634765,105390.05275634765,0.0,5,372.9181823730469
2022-05-20,104837.59750976562,104837.59750976562,0.0,5,370.7959289550781
2022-05-23,106600.86532714844,106600.86532714844,0.0,5,377.73358154296875
2022-05-25,108237.93507324219,108237.93507324219,0.0,4,378.161865234375
2022-05-27,109151.54365234375,109151.54365234375,0.0,3,395.18707275390625
2022-06-01,109551.25699462891,109551.25699462891,0.0,2,389.7911682128906
2022-06-03,109640.82695800782,109640.82695800782,0.0,1,390.6952209472656
2022-06-06,110092.62713867189,110092.62713867189,0.0,0,391.88482666015625
2022-06-08,110092.62713867189,110092.62713867189,0.0,0,391.34234619140625
2022-06-10,110092.62713867189,110092.62713867189,0.0,1,370.957763671875
2022-06-13,110092.62713867189,110092.62713867189,0.0,2,356.8731689453125
2022-06-15,110092.62713867189,110092.62713867189,0.0,3,360.87017822265625
2022-06-17,110092.62713867189,110092.62713867189,0.0,4,349.678955078125
2022-06-22,110092.62713867189,110092.62713867189,0.0,4,357.8316955566406
2022-06-27,112334.6646386719,112334.6646386719,0.0,2,371.4037170410156
2022-06-29,113805.66213867189,113805.66213867189,0.0,1,363.5185546875
2022-07-01,114219.07492675782,114219.07492675782,0.0,0,364.37884521484375
2022-07-06,114219.07492675782,114219.07492675782,0.0,0,366.2998962402344
2022-07-08,114219.07492675782,114219.07492675782,0.0,0,371.4801940917969
2022-07-11,114219.07492675782,114219.07492675782,0.0,0,367.2365417480469
2022-07-13,114219.07492675782,114219.07492675782,0.0,0,362.0753479003906
2022-07-15,114219.07492675782,114219.07492675782,0.0,0,368.09674072265625
2022-07-18,114219.07492675782,114219.07492675782,0.0,0,365.05743408203125
2022-07-20,114219.07492675782,114219.07492675782,0.0,0,377.3103942871094
2022-07-22,114219.07492675782,114219.07492675782,0.0,0,377.6161804199219
2022-07-25,114219.07492675782,114219.07492675782,0.0,0,378.07501220703125
2022-07-27,114219.07492675782,114219.07492675782,0.0,0,383.3031311035156
2022-07-29,114219.07492675782,114219.07492675782,0.0,0,393.7687683105469
2022-08-01,114219.07492675782,114219.07492675782,0.0,0,392.6026611328125
2022-08-03,114219.07492675782,114219.07492675782,0.0,0,396.1200256347656
2022-08-05,114219.07492675782,114219.07492675782,0.0,0,395.1833190917969
2022-08-08,114219.07492675782,114219.07492675782,0.0,0,394.72454833984375
2022-08-10,114219.07492675782,114219.07492675782,0.0,0,401.41497802734375
2022-08-12,114219.07492675782,114219.07492675782,0.0,0,408.2105407714844
2022-08-15,114219.07492675782,114219.07492675782,0.0,0,409.8927001953125
2022-08-17,114219.07492675782,114219.07492675782,0.0,0,407.78045654296875
2022-08-19,114219.07492675782,114219.07492675782,0.0,0,403.4699401855469
2022-08-22,114219.07492675782,114219.07492675782,0.0,0,395.0686340332031
2022-08-24,114219.07492675782,114219.07492675782,0.0,0,395.37451171875
2022-08-26,114219.07492675782,114219.07492675782,0.0,0,387.3841857910156
2022-08-29,114219.07492675782,114219.07492675782,0.0,0,384.82269287109375
2022-08-31,114219.07492675782,114219.07492675782,0.0,0,377.7022705078125
2022-09-02,114219.07492675782,114219.07492675782,0.0,0,374.8923034667969
2022-09-07,114219.07492675782,114219.07492675782,0.0,0,380.1872863769531
2022-09-09,114219.07492675782,114219.07492675782,0.0,0,388.6171569824219
2022-09-12,114219.07492675782,114219.07492675782,0.0,0,392.7939147949219
2022-09-14,114219.07492675782,114219.07492675782,0.0,0,377.14794921875
2022-09-16,114219.07492675782,114219.07492675782,0.0,0,370.0215148925781
2022-09-19,114219.07492675782,114219.07492675782,0.0,0,372.8909606933594
2022-09-21,114219.07492675782,114219.07492675782,0.0,1,362.18072509765625
2022-09-23,114219.07492675782,114219.07492675782,0.0,2,353.1211853027344
2022-09-26,114219.07492675782,114219.07492675782,0.0,3,349.6278991699219
2022-09-28,114219.07492675782,114219.07492675782,0.0,4,355.59722900390625
2022-09-30,114219.07492675782,114219.07492675782,0.0,5,342.78521728515625
2022-10-03,114219.07492675782,114219.07492675782,0.0,6,351.8351745605469
2022-10-05,115752.27492675782,115752.27492675782,0.0,6,361.892822265625
2022-10-07,116868.9191381836,116868.9191381836,0.0,6,348.1691589355469
2022-10-10,118158.22795410157,118158.22795410157,0.0,6,345.5107727050781
2022-10-12,118508.27626708985,118508.27626708985,0.0,6,342.1901550292969
2022-10-14,120092.93876708986,120092.93876708986,0.0,6,343.2171325683594
2022-10-17,121593.02376708986,121593.02376708986,0.0,6,352.0367126464844
2022-10-19,122470.52664794924,122470.52664794924,0.0,6,353.6490478515625
2022-10-24,122479.81628173831,122479.81628173831,0.0,5,363.6011047363281
2022-10-26,121762.12843994144,121762.12843994144,0.0,5,366.6241455078125
2022-10-28,120340.3227563477,120340.3227563477,0.0,5,373.342041015625
2022-10-31,120139.93963623051,120139.93963623051,0.0,4,370.64532470703125
2022-11-02,121246.65706787114,121246.65706787114,0.0,3,359.7623291015625
2022-11-04,121246.65706787114,121246.65706787114,0.0,3,361.1826477050781
2022-11-07,122770.90706787114,122770.90706787114,0.0,2,364.63763427734375
2022-11-09,123714.39249267583,123714.39249267583,0.0,1,359.05206298828125
2022-11-11,124576.84421386724,124576.84421386724,0.0,0,382.4496154785156
2022-11-14,124576.84421386724,124576.84421386724,0.0,0,379.19622802734375
2022-11-16,124576.84421386724,124576.84421386724,0.0,0,379.512939453125
2022-11-18,124576.84421386724,124576.84421386724,0.0,0,380.0694885253906
2022-11-21,124576.84421386724,124576.84421386724,0.0,0,378.6876220703125
2022-11-23,124576.84421386724,124576.84421386724,0.0,0,386.2019958496094
2022-11-25,124576.84421386724,124576.84421386724,0.0,0,386.1156311035156
2022-11-28,124576.84421386724,124576.84421386724,0.0,0,379.954345703125
2022-11-30,124576.84421386724,124576.84421386724,0.0,0,391.25006103515625
2022-12-02,124576.84421386724,124576.84421386724,0.0,0,390.5111083984375
2022-12-05,124576.84421386724,124576.84421386724,0.0,0,383.4860534667969
2022-12-07,124576.84421386724,124576.84421386724,0.0,0,377.3151550292969
2022-12-09,124576.84421386724,124576.84421386724,0.0,0,377.43035888671875
2022-12-12,124576.84421386724,124576.84421386724,0.0,1,382.871826171875
2022-12-14,124576.84421386724,124576.84421386724,0.0,1,383.3037414550781
2022-12-16,124576.84421386724,124576.84421386724,0.0,1,369.5128173828125
2022-12-19,124576.84421386724,124576.84421386724,0.0,1,366.37945556640625
2022-12-21,124576.84421386724,124576.84421386724,0.0,1,372.3666076660156
2022-12-23,124747.79290527348,124747.79290527348,0.0,0,369.165771484375
2022-12-28,124747.79290527348,124747.79290527348,0.0,0,363.14007568359375
2022-12-30,124747.79290527348,124747.79290527348,0.0,0,368.7029724121094
2023-01-04,124747.79290527348,124747.79290527348,0.0,0,369.9852294921875
2023-01-06,124747.79290527348,124747.79290527348,0.0,0,374.150146484375
2023-01-09,124747.79290527348,124747.79290527348,0.0,0,373.9380798339844
2023-01-11,124747.79290527348,124747.79290527348,0.0,0,381.32305908203125
2023-01-13,124747.79290527348,124747.79290527348,0.0,0,384.1961669921875
2023-01-20,124747.79290527348,124747.79290527348,0.0,0,381.67022705078125
2023-01-23,124747.79290527348,124747.79290527348,0.0,0,386.2496643066406
2023-01-25,124747.79290527348,124747.79290527348,0.0,0,385.97979736328125
2023-01-27,124747.79290527348,124747.79290527348,0.0,0,391.1184387207031
2023-01-30,124747.79290527348,124747.79290527348,0.0,0,386.2111511230469
2023-02-01,124747.79290527348,124747.79290527348,0.0,0,396.0546875
2023-02-03,124747.79290527348,124747.79290527348,0.0,0,397.5489807128906
2023-02-06,124747.79290527348,124747.79290527348,0.0,0,395.1194763183594
2023-02-08,124747.79290527348,124747.79290527348,0.0,0,395.9100341796875
2023-02-10,124747.79290527348,124747.79290527348,0.0,0,393.39373779296875
2023-02-13,124747.79290527348,124747.79290527348,0.0,0,398.01177978515625
2023-02-15,124747.79290527348,124747.79290527348,0.0,0,399.1205139160156
2023-02-17,124747.79290527348,124747.79290527348,0.0,0,392.64178466796875
2023-02-22,124747.79290527348,124747.79290527348,0.0,0,384.2347412109375
2023-02-24,124747.79290527348,124747.79290527348,0.0,0,382.1523132324219
2023-02-27,124747.79290527348,124747.79290527348,0.0,0,383.4537658691406
2023-03-01,124747.79290527348,124747.79290527348,0.0,0,380.57110595703125
2023-03-03,124747.79290527348,124747.79290527348,0.0,0,389.681884765625
2023-03-06,124747.79290527348,124747.79290527348,0.0,0,389.951904296875
2023-03-08,124747.79290527348,124747.79290527348,0.0,0,384.6011047363281
2023-03-10,124747.79290527348,124747.79290527348,0.0,1,372.0580749511719
2023-03-13,124747.79290527348,124747.79290527348,0.0,2,371.52777099609375
2023-03-15,124747.79290527348,124747.79290527348,0.0,2,375.30712890625
2023-03-17,124747.79290527348,124747.79290527348,0.0,2,377.4266052246094
2023-03-20,124747.79290527348,124747.79290527348,0.0,2,381.0557556152344
2023-03-22,124747.79290527348,124747.79290527348,0.0,2,379.4783020019531
2023-03-24,125123.13018310552,125123.13018310552,0.0,1,383.0010070800781
2023-03-27,125498.05143554692,125498.05143554692,0.0,0,383.7171936035156
2023-03-29,125498.05143554692,125498.05143554692,0.0,0,388.420654296875
2023-03-31,125498.05143554692,125498.05143554692,0.0,0,396.2016296386719
2023-04-03,125498.05143554692,125498.05143554692,0.0,0,397.71136474609375
2023-04-05,125498.05143554692,125498.05143554692,0.0,0,394.46929931640625
2023-04-10,125498.05143554692,125498.05143554692,0.0,0,396.41455078125
2023-04-12,125498.05143554692,125498.05143554692,0.0,0,394.90478515625
2023-04-14,125498.05143554692,125498.05143554692,0.0,0,399.1727600097656
2023-04-17,125498.05143554692,125498.05143554692,0.0,0,400.60504150390625
2023-04-19,125498.05143554692,125498.05143554692,0.0,0,400.79864501953125
2023-04-21,125498.05143554692,125498.05143554692,0.0,0,398.921142578125
2023-04-24,125498.05143554692,125498.05143554692,0.0,0,399.3372497558594
2023-04-26,125498.05143554692,125498.05143554692,0.0,0,391.3336486816406
2023-04-28,125498.05143554692,125498.05143554692,0.0,0,402.5309143066406
2023-05-01,125498.05143554692,125498.05143554692,0.0,0,402.1244812011719
2023-05-03,125498.05143554692,125498.05143554692,0.0,0,394.875732421875
2023-05-05,125498.05143554692,125498.05143554692,0.0,0,399.3372497558594
2023-05-08,125498.05143554692,125498.05143554692,0.0,0,399.4437255859375
2023-05-10,125498.05143554692,125498.05143554692,0.0,0,399.5501403808594
2023-05-12,125498.05143554692,125498.05143554692,0.0,0,398.33074951171875
2023-05-15,125498.05143554692,125498.05143554692,0.0,0,399.70501708984375
2023-05-17,125498.05143554692,125498.05143554692,0.0,0,401.853515625
2023-05-19,125498.05143554692,125498.05143554692,0.0,0,405.13427734375
2023-05-22,125498.05143554692,125498.05143554692,0.0,0,405.298828125
2023-05-24,125498.05143554692,125498.05143554692,0.0,0,397.84686279296875
2023-05-26,125498.05143554692,125498.05143554692,0.0,0,406.4891662597656
2023-06-02,125498.05143554692,125498.05143554692,0.0,0,414.13470458984375
2023-06-07,125498.05143554692,125498.05143554692,0.0,0,412.808837890625
2023-06-09,125498.05143554692,125498.05143554692,0.0,0,416.0509338378906
2023-06-12,125498.05143554692,125498.05143554692,0.0,0,419.82525634765625
2023-06-14,125498.05143554692,125498.05143554692,0.0,0,423.0964050292969
2023-06-16,125498.05143554692,125498.05143554692,0.0,0,426.8827819824219
2023-06-21,125498.05143554692,125498.05143554692,0.0,0,422.4920959472656
2023-06-23,125498.05143554692,125498.05143554692,0.0,0,420.8116149902344
2023-06-26,125498.05143554692,125498.05143554692,0.0,0,419.0923156738281
2023-06-28,125498.05143554692,125498.05143554692,0.0,0,423.9006652832031
2023-06-30,125498.05143554692,125498.05143554692,0.0,0,430.59344482421875
2023-07-05,125498.05143554692,125498.05143554692,0.0,0,430.44775390625
2023-07-07,125498.05143554692,125498.05143554692,0.0,0,425.998779296875
2023-07-10,125498.05143554692,125498.05143554692,0.0,0,427.0770263671875
2023-07-12,125498.05143554692,125498.05143554692,0.0,0,433.2550048828125
2023-07-14,125498.05143554692,125498.05143554692,0.0,0,436.4217224121094
2023-07-17,125498.05143554692,125498.05143554692,0.0,0,437.9371032714844
2023-07-19,125498.05143554692,125498.05143554692,0.0,0,442.1723327636719
2023-07-21,125498.05143554692,125498.05143554692,0.0,0,439.2387390136719
2023-07-24,125498.05143554692,125498.05143554692,0.0,0,441.2008972167969
2023-07-26,125498.05143554692,125498.05143554692,0.0,0,442.473388671875
2023-07-28,125498.05143554692,125498.05143554692,0.0,0,443.843017578125
2023-07-31,125498.05143554692,125498.05143554692,0.0,0,444.6882019042969
2023-08-02,125498.05143554692,125498.05143554692,0.0,0,437.2474365234375
2023-08-04,125498.05143554692,125498.05143554692,0.0,0,434.0224304199219
2023-08-07,125498.05143554692,125498.05143554692,0.0,0,437.810791015625
2023-08-09,125498.05143554692,125498.05143554692,0.0,0,432.9927673339844
2023-08-11,125498.05143554692,125498.05143554692,0.0,0,432.8955993652344
2023-08-14,125498.05143554692,125498.05143554692,0.0,0,435.28521728515625
2023-08-16,125498.05143554692,125498.05143554692,0.0,0,427.05767822265625
2023-08-18,125498.05143554692,125498.05143554692,0.0,0,424.0074462890625
2023-08-21,125498.05143554692,125498.05143554692,0.0,0,426.7662048339844
2023-08-23,125498.05143554692,125498.05143554692,0.0,0,430.3505859375
2023-08-25,125498.05143554692,125498.05143554692,0.0,0,427.37811279296875
2023-08-28,125498.05143554692,125498.05143554692,0.0,0,430.0882873535156
2023-08-30,125498.05143554692,125498.05143554692,0.0,0,438.1022033691406
2023-09-01,125498.05143554692,125498.05143554692,0.0,0,438.27703857421875
2023-09-06,125498.05143554692,125498.05143554692,0.0,0,433.4493103027344
2023-09-08,125498.05143554692,125498.05143554692,0.0,0,432.769287109375
2023-09-11,125498.05143554692,125498.05143554692,0.0,0,435.6155090332031
2023-09-13,125498.05143554692,125498.05143554692,0.0,0,433.7309875488281
2023-09-15,125498.05143554692,125498.05143554692,0.0,0,432.2000427246094
2023-09-18,125498.05143554692,125498.05143554692,0.0,0,432.4535217285156
2023-09-20,125498.05143554692,125498.05143554692,0.0,0,427.5892028808594
2023-09-22,125498.05143554692,125498.05143554692,0.0,0,419.5762939453125
2023-09-25,125498.05143554692,125498.05143554692,0.0,0,421.3407287597656
2023-09-27,125498.05143554692,125498.05143554692,0.0,0,415.31634521484375
2023-09-29,125498.05143554692,125498.05143554692,0.0,0,416.7103576660156
2023-10-02,125498.05143554692,125498.05143554692,0.0,0,416.54461669921875
2023-10-04,125498.05143554692,125498.05143554692,0.0,0,413.9613952636719
2023-10-06,125498.05143554692,125498.05143554692,0.0,0,418.7184753417969
2023-10-09,125498.05143554692,125498.05143554692,0.0,0,421.399169921875
2023-10-11,125498.05143554692,125498.05143554692,0.0,0,425.3276062011719
2023-10-13,125498.05143554692,125498.05143554692,0.0,0,420.62908935546875
2023-10-16,125498.05143554692,125498.05143554692,0.0,0,425.0546875
2023-10-18,125498.05143554692,125498.05143554692,0.0,0,419.37152099609375
2023-10-20,125498.05143554692,125498.05143554692,0.0,0,410.5788269042969
2023-10-23,125498.05143554692,125498.05143554692,0.0,0,409.8671875
2023-10-25,125498.05143554692,125498.05143554692,0.0,0,407.03045654296875
2023-10-27,125498.05143554692,125498.05143554692,0.0,0,400.3335876464844
2023-10-30,125498.05143554692,125498.05143554692,0.0,0,405.1199035644531
2023-11-03,125498.05143554692,125498.05143554692,0.0,0,423.7387390136719
2023-11-06,125498.05143554692,125498.05143554692,0.0,0,424.7135009765625
2023-11-09,125498.05143554692,125498.05143554692,0.0,0,422.9101257324219
2023-11-10,125498.05143554692,125498.05143554692,0.0,0,429.5095520019531
2023-11-13,125498.05143554692,125498.05143554692,0.0,0,429.10009765625
2023-11-16,125498.05143554692,125498.05143554692,0.0,0,438.88720703125
2023-11-17,125498.05143554692,125498.05143554692,0.0,0,439.4331359863281
2023-11-20,125498.05143554692,125498.05143554692,0.0,0,442.8157043457031
2023-11-21,125498.05143554692,125498.05143554692,0.0,0,441.8505859375
2023-11-22,125498.05143554692,125498.05143554692,0.0,0,443.5565185546875
2023-11-24,125498.05143554692,125498.05143554692,0.0,0,443.8294372558594
2023-11-27,125498.05143554692,125498.05143554692,0.0,0,443.0301513671875
2023-11-29,125498.05143554692,125498.05143554692,0.0,0,443.15679931640625
2023-12-01,125498.05143554692,125498.05143554692,0.0,0,447.5337219238281
2023-12-04,125498.05143554692,125498.05143554692,0.0,0,445.1844177246094
2023-12-06,125498.05143554692,125498.05143554692,0.0,0,443.3030700683594
2023-12-08,125498.05143554692,125498.05143554692,0.0,0,448.6060485839844
2023-12-11,125498.05143554692,125498.05143554692,0.0,0,450.3509216308594
2023-12-13,125498.05143554692,125498.05143554692,0.0,0,458.6465759277344
2023-12-15,125498.05143554692,125498.05143554692,0.0,0,459.3608703613281
2023-12-18,125498.05143554692,125498.05143554692,0.0,0,461.94488525390625
2023-12-20,125498.05143554692,125498.05143554692,0.0,0,458.31365966796875
2023-12-22,125498.05143554692,125498.05143554692,0.0,0,463.5892028808594
2023-12-27,125498.05143554692,125498.05143554692,0.0,0,466.3883972167969
2023-12-29,125498.05143554692,125498.05143554692,0.0,0,465.21392822265625
2024-01-03,125498.05143554692,125498.05143554692,0.0,0,458.8323974609375
2024-01-05,125498.05143554692,125498.05143554692,0.0,0,457.9808654785156
2024-01-08,125498.05143554692,125498.05143554692,0.0,0,464.51898193359375
2024-01-10,125498.05143554692,125498.05143554692,0.0,0,466.4373474121094
2024-01-12,125498.05143554692,125498.05143554692,0.0,0,466.5548095703125
2024-01-17,125498.05143554692,125498.05143554692,0.0,0,462.258056640625
2024-01-19,125498.05143554692,125498.05143554692,0.0,0,472.1826477050781
2024-01-22,125498.05143554692,125498.05143554692,0.0,0,473.1810302734375
2024-01-24,125498.05143554692,125498.05143554692,0.0,0,475.07977294921875
2024-01-26,125498.05143554692,125498.05143554692,0.0,0,477.056884765625
2024-01-29,125498.05143554692,125498.05143554692,0.0,0,480.8349304199219
2024-01-31,125498.05143554692,125498.05143554692,0.0,0,472.62310791015625
2024-02-02,125498.05143554692,125498.05143554692,0.0,0,483.8494873046875
2024-02-05,125498.05143554692,125498.05143554692,0.0,0,482.087646484375
2024-02-07,125498.05143554692,125498.05143554692,0.0,0,487.519775390625
2024-02-09,125498.05143554692,125498.05143554692,0.0,0,490.55401611328125
2024-02-12,125498.05143554692,125498.05143554692,0.0,0,490.33868408203125
2024-02-14,125498.05143554692,125498.05143554692,0.0,0,487.9798278808594
2024-02-16,125498.05143554692,125498.05143554692,0.0,0,488.89984130859375
2024-02-21,125498.05143554692,125498.05143554692,0.0,0,486.648681640625
2024-02-23,125498.05143554692,125498.05143554692,0.0,0,497.0627136230469
2024-02-26,125498.05143554692,125498.05143554692,0.0,0,495.2422180175781
2024-02-28,125498.05143554692,125498.05143554692,0.0,0,495.5065002441406
2024-03-01,125498.05143554692,125498.05143554692,0.0,0,501.9564514160156
2024-03-04,125498.05143554692,125498.05143554692,0.0,0,501.41815185546875
2024-03-06,125498.05143554692,125498.05143554692,0.0,0,498.92236328125
2024-03-08,125498.05143554692,125498.05143554692,0.0,0,500.85052490234375
2024-03-11,125498.05143554692,125498.05143554692,0.0,0,500.41986083984375
2024-03-13,125498.05143554692,125498.05143554692,0.0,0,505.01019287109375
2024-03-15,125498.05143554692,125498.05143554692,0.0,0,500.551025390625
2024-03-18,125498.05143554692,125498.05143554692,0.0,0,503.5258483886719
2024-03-20,125498.05143554692,125498.05143554692,0.0,0,511.0071716308594
2024-03-22,125498.05143554692,125498.05143554692,0.0,0,511.7239990234375
2024-03-25,125498.05143554692,125498.05143554692,0.0,0,510.3101806640625
2024-03-27,125498.05143554692,125498.05143554692,0.0,0,513.6482543945312
2024-04-01,125498.05143554692,125498.05143554692,0.0,0,512.6566772460938
2024-04-03,125498.05143554692,125498.05143554692,0.0,0,509.9566955566406
2024-04-05,125498.05143554692,125498.05143554692,0.0,0,508.9945983886719
2024-04-08,125498.05143554692,125498.05143554692,0.0,0,509.27923583984375
2024-04-10,125498.05143554692,125498.05143554692,0.0,0,504.76300048828125
2024-04-12,125498.05143554692,125498.05143554692,0.0,0,501.5525207519531
2024-04-15,125498.05143554692,125498.05143554692,0.0,0,495.2690124511719
2024-04-17,125498.05143554692,125498.05143554692,0.0,0,491.43994140625
2024-04-19,125498.05143554692,125498.05143554692,0.0,0,486.1480712890625
2024-04-22,125498.05143554692,125498.05143554692,0.0,0,490.6250915527344
2024-04-24,125498.05143554692,125498.05143554692,0.0,0,496.2115173339844
2024-04-26,125498.05143554692,125498.05143554692,0.0,0,499.0096740722656
2024-04-29,125498.05143554692,125498.05143554692,0.0,0,500.7768859863281
2024-05-01,125498.05143554692,125498.05143554692,0.0,0,491.2436218261719
2024-05-03,125498.05143554692,125498.05143554692,0.0,0,501.9844970703125
2024-05-06,125498.05143554692,125498.05143554692,0.0,0,507.1683349609375
2024-05-08,125498.05143554692,125498.05143554692,0.0,0,507.777099609375
2024-05-10,125498.05143554692,125498.05143554692,0.0,0,511.3607177734375
2024-05-13,125498.05143554692,125498.05143554692,0.0,0,511.4293518066406
2024-05-15,125498.05143554692,125498.05143554692,0.0,0,520.137939453125
2024-05-17,125498.05143554692,125498.05143554692,0.0,0,519.8140869140625
2024-05-20,125498.05143554692,125498.05143554692,0.0,0,520.4129028320312
2024-05-22,125498.05143554692,125498.05143554692,0.0,0,520.1871337890625
2024-05-24,125498.05143554692,125498.05143554692,0.0,0,519.8040771484375
2024-05-29,125498.05143554692,125498.05143554692,0.0,0,516.5249633789062
2024-05-31,125498.05143554692,125498.05143554692,0.0,0,517.7719116210938
2024-06-03,125498.05143554692,125498.05143554692,0.0,0,518.1939697265625
2024-06-05,125498.05143554692,125498.05143554692,0.0,0,524.9389038085938
2024-06-07,125498.05143554692,125498.05143554692,0.0,0,524.2909545898438
2024-06-10,125498.05143554692,125498.05143554692,0.0,0,525.9109497070312
2024-06-12,125498.05143554692,125498.05143554692,0.0,0,531.5071411132812
2024-06-14,125498.05143554692,125498.05143554692,0.0,0,532.9014282226562
2024-06-17,125498.05143554692,125498.05143554692,0.0,0,537.1427001953125
2024-06-21,125498.05143554692,125498.05143554692,0.0,0,536.3245849609375
2024-06-24,125498.05143554692,125498.05143554692,0.0,0,534.5811767578125
2024-06-26,125498.05143554692,125498.05143554692,0.0,0,537.3095092773438
2024-06-28,125498.05143554692,125498.05143554692,0.0,0,536.0388793945312
2024-07-01,125498.05143554692,125498.05143554692,0.0,0,537.14208984375
2024-07-03,125498.05143554692,125498.05143554692,0.0,0,543.1701049804688
2024-07-05,125498.05143554692,125498.05143554692,0.0,0,546.3023071289062
2024-07-08,125498.05143554692,125498.05143554692,0.0,0,546.9326782226562
2024-07-10,125498.05143554692,125498.05143554692,0.0,0,552.8818359375
2024-07-12,125498.05143554692,125498.05143554692,0.0,0,551.5718994140625
2024-07-15,125498.05143554692,125498.05143554692,0.0,0,553.0886840820312
2024-07-17,125498.05143554692,125498.05143554692,0.0,0,548.5676879882812
2024-07-19,125498.05143554692,125498.05143554692,0.0,0,540.7371826171875
2024-07-22,125498.05143554692,125498.05143554692,0.0,0,546.3121948242188
2024-07-24,125498.05143554692,125498.05143554692,0.0,0,533.0939331054688
2024-07-26,125498.05143554692,125498.05143554692,0.0,0,536.2555541992188
2024-07-29,125498.05143554692,125498.05143554692,0.0,0,536.57080078125
2024-08-12,125498.05143554692,125498.05143554692,0.0,0,525.2536010742188
2024-08-14,125498.05143554692,125498.05143554692,0.0,0,535.5759887695312
2024-08-16,125498.05143554692,125498.05143554692,0.0,0,545.9772338867188
2024-08-19,125498.05143554692,125498.05143554692,0.0,0,551.1975708007812
2024-08-21,125498.05143554692,125498.05143554692,0.0,0,552.1923217773438
2024-08-23,125498.05143554692,125498.05143554692,0.0,0,553.6796264648438
2024-08-26,125498.05143554692,125498.05143554692,0.0,0,552.3598022460938
2024-08-28,125498.05143554692,125498.05143554692,0.0,0,549.9072265625
2024-08-30,125498.05143554692,125498.05143554692,0.0,0,555.2064208984375
2024-09-04,125498.05143554692,125498.05143554692,0.0,0,542.6677856445312
2024-09-06,125498.05143554692,125498.05143554692,0.0,1,532.2369384765625
2024-09-09,125498.05143554692,125498.05143554692,0.0,1,538.1959228515625
2024-09-11,125498.05143554692,125498.05143554692,0.0,1,546.0855712890625
2024-09-12,125498.05143554692,125498.05143554692,0.0,1,550.6854858398438
2024-09-13,125498.05143554692,125498.05143554692,0.0,1,553.5615234375
2024-09-16,125498.05143554692,125498.05143554692,0.0,1,554.3790283203125
2024-09-17,125498.05143554692,125498.05143554692,0.0,1,554.60546875
2024-09-18,125498.05143554692,125498.05143554692,0.0,1,552.9607543945312
2024-09-19,123811.45757812505,123811.45757812505,0.0,0,562.3966064453125
2024-09-20,123811.45757812505,123811.45757812505,0.0,0,561.4244384765625
2024-09-23,123811.45757812505,123811.45757812505,0.0,0,562.8273315429688
2024-09-24,123811.45757812505,123811.45757812505,0.0,0,564.4378051757812
2024-09-25,123811.45757812505,123811.45757812505,0.0,0,563.1929931640625
2024-09-26,123811.45757812505,123811.45757812505,0.0,0,565.4258422851562
2024-09-27,123811.45757812505,123811.45757812505,0.0,0,564.6057739257812
2024-09-30,123811.45757812505,123811.45757812505,0.0,0,566.8682861328125
2024-10-01,123811.45757812505,123811.45757812505,0.0,0,561.7900390625
2024-10-02,123811.45757812505,123811.45757812505,0.0,0,562.027099609375
2024-10-03,123811.45757812505,123811.45757812505,0.0,0,560.9996948242188
2024-10-04,123811.45757812505,123811.45757812505,0.0,0,566.09765625
2024-10-07,123811.45757812505,123811.45757812505,0.0,0,560.9798583984375
2024-10-08,123811.45757812505,123811.45757812505,0.0,0,566.2853393554688
2024-10-09,123811.45757812505,123811.45757812505,0.0,0,570.2077026367188
2024-10-10,123811.45757812505,123811.45757812505,0.0,0,569.2098388671875
2024-10-11,123811.45757812505,123811.45757812505,0.0,0,572.6183471679688
2024-10-14,123811.45757812505,123811.45757812505,0.0,0,577.3014526367188
2024-10-15,123811.45757812505,123811.45757812505,0.0,0,572.8159790039062
2024-10-16,123811.45757812505,123811.45757812505,0.0,0,575.3057250976562
2024-10-17,123811.45757812505,123811.45757812505,0.0,0,575.3550415039062
2024-10-18,123811.45757812505,123811.45757812505,0.0,0,577.5682373046875
2024-10-21,123811.45757812505,123811.45757812505,0.0,0,576.6196899414062
2024-10-22,123811.45757812505,123811.45757812505,0.0,0,576.3134155273438
2024-10-23,123811.45757812505,123811.45757812505,0.0,0,571.0474853515625
2024-10-24,123811.45757812505,123811.45757812505,0.0,0,572.282470703125
2024-10-25,123811.45757812505,123811.45757812505,0.0,1,572.0848388671875
2024-10-29,123811.45757812505,123811.45757812505,0.0,1,574.7821655273438
2024-10-30,123811.45757812505,123811.45757812505,0.0,2,573.0432739257812
2024-10-31,123811.45757812505,123811.45757812505,0.0,3,561.809814453125
2024-11-01,123811.45757812505,123811.45757812505,0.0,4,564.180908203125
2024-11-04,123811.45757812505,123811.45757812505,0.0,5,562.9656982421875
2024-11-05,123811.45757812505,123811.45757812505,0.0,6,569.7730102539062
2024-11-06,123811.45757812505,123811.45757812505,0.0,6,583.9407348632812
2024-11-07,123364.95740234379,123364.95740234379,0.0,5,588.455810546875
2024-11-08,123364.95740234379,123364.95740234379,0.0,5,591.0048217773438
2024-11-11,122659.96837402348,122659.96837402348,0.0,4,591.5680541992188
2024-11-13,122659.96837402348,122659.96837402348,0.0,4,590.016845703125
2024-11-14,119788.25717773441,119788.25717773441,0.0,1,586.2229614257812
2024-11-15,119788.25717773441,119788.25717773441,0.0,1,578.7142333984375
2024-11-18,119871.36885742191,119871.36885742191,0.0,0,581.08544921875
2024-11-19,119871.36885742191,119871.36885742191,0.0,0,583.2095336914062
2024-11-20,119871.36885742191,119871.36885742191,0.0,0,583.4072265625
2024-11-21,119871.36885742191,119871.36885742191,0.0,0,586.5391235351562
2024-11-22,119871.36885742191,119871.36885742191,0.0,0,588.3569946289062
2024-11-25,119871.36885742191,119871.36885742191,0.0,0,590.352783203125
2024-11-26,119871.36885742191,119871.36885742191,0.0,0,593.435302734375
2024-11-27,119871.36885742191,119871.36885742191,0.0,0,591.6370849609375
2024-11-29,119871.36885742191,119871.36885742191,0.0,0,595.3124389648438
2024-12-02,119871.36885742191,119871.36885742191,0.0,0,596.3794555664062
2024-12-03,119871.36885742191,119871.36885742191,0.0,0,596.6561889648438
2024-12-04,119871.36885742191,119871.36885742191,0.0,0,600.3610229492188
2024-12-05,119871.36885742191,119871.36885742191,0.0,0,599.3731079101562
2024-12-06,119871.36885742191,119871.36885742191,0.0,0,600.50927734375
2024-12-09,119871.36885742191,119871.36885742191,0.0,0,597.4169311523438
2024-12-10,119871.36885742191,119871.36885742191,0.0,0,595.5594482421875
2024-12-11,119871.36885742191,119871.36885742191,0.0,0,600.1635131835938
2024-12-12,119871.36885742191,119871.36885742191,0.0,0,597.0711669921875
2024-12-13,119871.36885742191,119871.36885742191,0.0,0,596.9525146484375
2024-12-16,119871.36885742191,119871.36885742191,0.0,0,599.5015258789062
2024-12-17,119871.36885742191,119871.36885742191,0.0,0,597.0315551757812
2024-12-18,119871.36885742191,119871.36885742191,0.0,1,579.2379150390625
2024-12-19,119871.36885742191,119871.36885742191,0.0,2,579.06005859375
2024-12-20,119871.36885742191,119871.36885742191,0.0,2,586.01513671875
2024-12-23,119871.36885742191,119871.36885742191,0.0,2,589.5244140625
2024-12-24,119871.36885742191,119871.36885742191,0.0,2,596.0769653320312
2024-12-26,119871.36885742191,119871.36885742191,0.0,2,596.1166381835938
2024-12-27,119871.36885742191,119871.36885742191,0.0,2,589.841552734375
2024-12-30,120643.0493212891,120643.0493212891,0.0,1,583.1105346679688
2024-12-31,120643.0493212891,120643.0493212891,0.0,1,580.9891357421875
2025-01-02,121906.54525390628,121906.54525390628,0.0,0,579.5617065429688
2025-01-03,121906.54525390628,121906.54525390628,0.0,0,586.8081665039062
2025-01-06,121906.54525390628,121906.54525390628,0.0,0,590.1885986328125
2025-01-07,121906.54525390628,121906.54525390628,0.0,0,583.51708984375
2025-01-08,121906.54525390628,121906.54525390628,0.0,0,584.3695068359375
2025-01-10,121906.54525390628,121906.54525390628,0.0,0,575.4476318359375
2025-01-13,121906.54525390628,121906.54525390628,0.0,1,576.3399047851562
2025-01-14,121906.54525390628,121906.54525390628,0.0,1,577.1329956054688
2025-01-15,121906.54525390628,121906.54525390628,0.0,1,587.6310424804688
2025-01-16,121906.54525390628,121906.54525390628,0.0,1,586.5009155273438
2025-01-17,121906.54525390628,121906.54525390628,0.0,1,592.3893432617188
2025-01-21,121906.54525390628,121906.54525390628,0.0,1,597.8117065429688
2025-01-22,121906.54525390628,121906.54525390628,0.0,1,601.1723022460938
2025-01-23,120476.92919921878,120476.92919921878,0.0,0,604.45361328125
2025-01-24,120476.92919921878,120476.92919921878,0.0,0,602.68896484375
2025-01-27,120476.92919921878,120476.92919921878,0.0,0,594.1636962890625
2025-01-28,120476.92919921878,120476.92919921878,0.0,0,599.2689819335938
2025-01-29,120476.92919921878,120476.92919921878,0.0,0,596.58251953125
2025-01-30,120476.92919921878,120476.92919921878,0.0,0,599.784423828125
