date,spot,atm_iv,iv_rank,iv_trend_10d,iv_10d_std,iv_5d_change,signal_spike_fade,signal_declining_trend,signal_stagnant_iv,entry_signal,signal_type
2022-01-03,453.2103576660156,0.19319999999999998,,,,,False,False,False,False,
2022-01-05,444.35888671875,0.243,,,,,False,False,False,False,
2022-01-07,442.1864013671875,0.22125,,,,,False,False,False,False,
2022-01-10,441.6361083984375,0.2293,,,,,False,False,False,False,
2022-01-12,446.8634338378906,0.222,,,,,False,False,False,False,
2022-01-14,440.8866271972656,0.24209999999999998,,,,0.25310559006211175,False,False,False,False,
2022-01-19,428.581787109375,0.27590000000000003,,,,0.13539094650205774,False,False,False,False,
2022-01-21,415.51800537109375,0.3316,,,,0.49875706214689264,False,False,False,False,
2022-01-24,417.28265380859375,0.3577,,,,0.5599651112080244,False,False,False,False,
2022-01-26,411.1539306640625,0.37470000000000003,,0.019079090909090914,0.06343579102788374,0.687837837837838,False,False,False,False,
2022-01-28,419.2843933105469,0.32299999999999995,,0.016962121212121213,0.05933238037624239,0.33415943824865746,False,False,False,False,
2022-01-31,426.8361511230469,0.28354999999999997,,0.014439999999999998,0.05773069085561569,0.027727437477346628,False,False,False,False,
2022-02-02,433.89459228515625,0.25525,,0.00843272727272727,0.05439098577276694,-0.23024728588661048,False,False,False,False,
2022-02-04,425.68817138671875,0.2737,,0.0035563636363636322,0.05061070374271965,-0.23483365949119372,False,False,False,False,
2022-02-07,424.3220520019531,0.2532,,-0.0034630303030303068,0.046475090102118186,-0.3242594075260209,False,False,False,False,
2022-02-09,434.0748291015625,0.23420000000000002,,-0.010556969696969702,0.04756761386583199,-0.27492260061919493,False,False,False,False,
2022-02-11,417.87078857421875,0.31595,,-0.010842727272727273,0.047346553611523755,0.11426556162934243,False,False,False,False,
2022-02-14,416.5046691894531,0.28855,,-0.009395151515151518,0.04612424766022992,0.1304603330068561,False,False,False,False,
2022-02-16,423.6959228515625,0.26895,,-0.006754848484848483,0.04120493801313947,-0.01735476799415414,False,False,False,False,
2022-02-23,400.3100891113281,0.3347,77.96143250688704,0.001680909090909096,0.03285155543417148,0.32187993680884674,False,False,False,False,
2022-02-25,415.2997741699219,0.313,66.00550964187327,0.005971212121212124,0.03163177419761475,0.33646456020495297,False,False,False,False,
2022-02-28,414.2372131347656,0.3362,78.78787878787877,0.009018181818181821,0.035981632660134925,0.06409241968665924,False,False,False,False,
2022-03-02,415.4326477050781,0.34635000000000005,84.38016528925621,0.010093939393939398,0.03839723080292817,0.2003119043493331,False,False,False,False,
2022-03-04,410.0058898925781,0.37475,100.0,0.012844545454545461,0.044541217178898286,0.3933816694552892,False,False,False,False,
2022-03-07,397.9193115234375,0.3986,100.0,0.014304545454545457,0.048714549788652674,0.190917239318793,False,False,False,False,
2022-03-09,405.4900817871094,0.35965,81.03700097370985,0.010610909090909096,0.03903334187304221,0.149041533546326,False,False,False,False,
2022-03-11,398.52655029296875,0.3384,70.69133398247321,0.009687575757575758,0.03854346788583871,0.006543723973825077,False,False,False,False,
2022-03-14,395.6139221191406,0.3477,75.2190847127556,0.007172727272727273,0.03482649215117092,0.0038977912516240387,False,False,False,False,
2022-03-16,413.2789611816406,0.30279999999999996,53.359298928919166,0.00018515151515151226,0.027915000447788198,-0.19199466310873936,True,False,False,True,spike_fade
2022-03-18,423.0326843261719,0.32365,63.51022395326192,-0.0016921212121212164,0.02858806860679262,-0.18803311590566985,False,False,False,False,
2022-03-21,422.9090270996094,0.24695,26.1684518013632,-0.009065757575757581,0.041354124139356976,-0.3133602113165578,False,False,False,False,
2022-03-23,422.34747314453125,0.24925,27.288218111002926,-0.013966666666666672,0.04991401940670924,-0.26344562647754133,False,False,False,False,
2022-03-25,430.80780029296875,0.2173,11.733203505355409,-0.018879696969696977,0.06044659925182824,-0.37503595053206795,False,False,False,False,
2022-03-28,433.87213134765625,0.2004,3.5053554040895865,-0.0212569696969697,0.06643543314962119,-0.33817701453104354,False,False,False,False,
2022-03-30,436.5272521972656,0.2026,4.576436222005851,-0.01981090909090909,0.06240231566216116,-0.3740151398115248,False,False,False,False,
2022-04-01,431.0266418457031,0.19085000000000002,0.0,-0.019226666666666666,0.06093640491893531,-0.22717149220489974,False,False,False,False,
2022-04-04,434.7190856933594,0.1734,0.0,-0.018964848484848487,0.06028304441917678,-0.3043129388164494,False,False,False,False,
2022-04-06,424.9360046386719,0.21395,18.006216696269984,-0.013871212121212118,0.048836905728261534,-0.015416474919466183,False,False,False,False,
2022-04-08,425.935302734375,0.2105,16.474245115452927,-0.01033787878787879,0.042274631544487934,0.05039920159680644,False,False,False,False,
2022-04-11,418.6551208496094,0.24405,31.37211367673179,-0.002465757575757577,0.025265383102841005,0.20459032576505431,False,True,False,True,declining_trend
2022-04-13,421.88116455078125,0.21760000000000002,19.626998223801074,-0.00018484848484848419,0.022706995985084785,0.14016243122871352,False,False,False,False,
2022-04-18,416.79931640625,0.2264,23.53463587921847,0.0030851515151515156,0.019458209492824775,0.3056516724336793,False,False,False,False,
2022-04-20,423.2135009765625,0.23245,26.221136767317933,0.004832121212121212,0.020667462350273915,0.08646880112175737,False,False,False,False,
2022-04-22,405.4460144042969,0.31015000000000004,60.72380106571937,0.0095069696969697,0.03698327287061294,0.4733966745843232,False,False,False,False,
2022-04-25,407.79656982421875,0.2903,51.90941385435168,0.011915454545454547,0.04189280003108456,0.18951034624052454,False,False,False,False,
2022-04-27,397.0999450683594,0.33575,72.09147424511545,0.014956666666666668,0.05062513895728525,0.5429687499999998,False,False,False,False,
2022-05-02,394.4447326660156,0.33485,71.6918294849023,0.015029090909090909,0.05083642067127332,0.47901943462897534,False,False,False,False,
2022-05-04,408.3200378417969,0.2738,44.58259325044404,0.012517878787878786,0.04804996271243784,0.17788771778877188,False,False,False,False,
2022-05-06,391.4565734863281,0.31389999999999996,62.38898756660743,0.011238484848484847,0.045456225890654664,0.012090923746574056,False,False,False,False,
2022-05-09,378.9232177734375,0.35685,81.46092362344582,0.013285151515151514,0.0498950813095729,0.22924560799173266,False,False,False,False,
2022-05-11,373.76513671875,0.3472,77.17584369449378,0.011674848484848484,0.04590110171759382,0.03410275502606108,False,False,False,False,
2022-05-13,382.3015441894531,0.30945,60.412966252220244,0.007021212121212119,0.037394601511745354,-0.07585486038524702,True,False,False,True,spike_fade
2022-05-16,380.75042724609375,0.2827,48.53463587921848,0.0003051515151515142,0.02792201888991724,0.032505478451424485,False,False,False,False,
2022-05-18,372.91815185546875,0.3091,60.25754884547069,-0.00039999999999999904,0.027946315598940084,-0.01529149410640318,False,False,False,False,
2022-05-20,370.7960205078125,0.2999,56.17229129662522,-0.0029175757575757555,0.027141982650908697,-0.15959086450889726,True,False,False,True,spike_fade
2022-05-23,377.73358154296875,0.29805,55.35079928952042,-0.0026224242424242408,0.026763544857386502,-0.14156105990783419,True,False,False,True,spike_fade
2022-05-25,378.161865234375,0.28195000000000003,48.20159857904087,-0.0028084848484848453,0.02709856289752497,-0.0888673452900306,False,False,False,False,
2022-05-27,395.1871337890625,0.25765,37.411190053285964,-0.007748787878787877,0.029675010530748017,-0.0886098337460206,False,False,False,False,
2022-06-01,389.7911071777344,0.272,43.78330373001777,-0.009037272727272725,0.03129829645701371,-0.12002588159171779,False,False,False,False,
2022-06-03,390.6952819824219,0.28145,47.979573712255764,-0.00643909090909091,0.024908392717672156,-0.06152050683561194,False,False,False,False,
2022-06-06,391.884765625,0.26975000000000005,42.78419182948492,-0.004208484848484847,0.017427006500129644,-0.09495051165911739,False,True,False,True,declining_trend
2022-06-08,391.34234619140625,0.2586,37.83303730017762,-0.004163939393939393,0.01730744942374702,-0.08281610214577062,False,True,False,True,declining_trend
2022-06-10,370.9577941894531,0.2954,54.1740674955595,-0.003279090909090908,0.01789273673247844,0.14651659227634384,False,True,False,True,declining_trend
2022-06-13,356.8731689453125,0.35214999999999996,79.37388987566607,0.0023072727272727255,0.027587203152508642,0.2946691176470586,False,False,False,False,
2022-06-15,360.8701477050781,0.30535,58.5923623445826,0.0042057575757575745,0.027928888369492273,0.08491739207674565,False,False,False,False,
2022-06-17,349.6789855957031,0.31565,63.16607460035522,0.0064766666666666636,0.029211255916550855,0.1701575532900832,False,False,False,False,
2022-06-22,357.8317565917969,0.2738,44.58259325044404,0.005178181818181816,0.0295414793129932,0.05877803557617933,False,False,False,False,
2022-06-27,371.4037780761719,0.25105,34.48046181172291,0.001117575757575755,0.03036169187205052,-0.15013540961408256,False,False,False,False,
2022-06-29,363.5185241699219,0.28059999999999996,47.602131438721116,-0.0002945454545454578,0.029992797283496152,-0.20318046287093572,False,True,False,True,declining_trend
2022-07-01,364.3787536621094,0.27155,43.583481349911196,-0.0016745454545454576,0.03040748080471143,-0.11069264778123467,False,True,False,True,declining_trend
2022-07-06,366.2998962402344,0.2747,44.98223801065719,-0.0035427272727272725,0.030127415071474258,-0.12973229843180734,False,True,False,True,declining_trend
2022-07-08,371.4801940917969,0.24955,33.81438721136767,-0.007586060606060607,0.031220934927989958,-0.08856829802775745,False,True,False,True,declining_trend
2022-07-11,367.2365417480469,0.25455000000000005,36.0346358792185,-0.008793636363636361,0.032637158866679776,0.013941445927106333,False,True,False,True,declining_trend
2022-07-13,362.0753479003906,0.28315,48.734458259325045,-0.004162727272727269,0.021894614380913283,0.009087669280114286,False,False,True,True,stagnant_iv
2022-07-15,368.0968017578125,0.25865000000000005,37.855239786856146,-0.0031518181818181753,0.01981977477728311,-0.04750506352421269,False,True,True,True,declining_trend
2022-07-18,365.0574035644531,0.26445,40.43072824156306,-0.0005718181818181757,0.012273853193770393,-0.03731343283582078,False,True,True,True,declining_trend
2022-07-20,377.3103332519531,0.25965,38.299289520426285,-0.0004230303030302992,0.012115596009551989,0.04047285113203758,False,True,True,True,declining_trend
2022-07-22,377.6162414550781,0.24125000000000002,30.128774422735354,-0.0026230303030303,0.013649700851423032,-0.05224906698094689,False,True,False,True,declining_trend
2022-07-25,378.0750427246094,0.236,27.797513321492,-0.003020606060606062,0.014792659591087167,-0.16651951262581677,False,True,False,True,declining_trend
2022-07-27,383.3031005859375,0.23995,29.551509769094135,-0.003265454545454548,0.015264588650424609,-0.072298472839745,False,True,False,True,declining_trend
2022-07-29,393.7688293457031,0.212,17.140319715808168,-0.004441818181818186,0.019189337317027693,-0.19833616940820575,False,False,False,False,
2022-08-01,392.6026916503906,0.22805,24.26731793960924,-0.005659393939393946,0.02040155495163173,-0.12170229154631229,False,False,False,False,
2022-08-03,396.1199951171875,0.22105,21.158969804618117,-0.006664848484848489,0.021862641906025798,-0.08373056994818662,False,False,False,False,
2022-08-05,395.18328857421875,0.21745,19.560390763765543,-0.0055539393939393975,0.0185517145059726,-0.07860169491525415,False,False,False,False,
2022-08-08,394.72454833984375,0.2129,17.539964476021318,-0.005528181818181819,0.01849339596841117,-0.11273181912898522,False,False,False,False,
2022-08-10,401.41497802734375,0.195,9.591474245115455,-0.005537575757575758,0.018525705864494837,-0.08018867924528295,False,False,False,False,
2022-08-12,408.21051025390625,0.19695000000000001,10.45737122557727,-0.004918787878787878,0.016494608546767965,-0.13637360228020168,False,False,False,False,
2022-08-15,409.8926696777344,0.1938,9.058614564831261,-0.0049384848484848465,0.01654646739740335,-0.123275277086632,False,False,False,False,
2022-08-17,407.7804260253906,0.20515,14.098579040852574,-0.004113939393939393,0.01507151839287153,-0.05656472752356867,False,False,False,False,
2022-08-19,403.4698486328125,0.21200000000000002,17.14031971580818,-0.002278484848484847,0.011536850378966712,-0.0042273367778299376,False,False,False,False,
2022-08-22,395.0686340332031,0.22875,24.578152753108352,-0.0010539393939393929,0.013065323060172093,0.17307692307692313,False,False,False,False,
2022-08-24,395.37451171875,0.2185,20.02664298401421,0.00047848484848484916,0.011994685165614813,0.10941863417110942,False,False,False,False,
2022-08-26,387.38427734375,0.25545,36.43428063943162,0.0036754545454545456,0.018587487577519535,0.31811145510835925,False,False,False,False,
2022-08-29,384.8227844238281,0.2532,35.435168738898746,0.006092727272727272,0.0224483134729043,0.23421886424567373,False,False,False,False,
2022-08-31,377.7022399902344,0.26295,39.76465364120782,0.008305151515151515,0.026588251896070357,0.24033018867924527,False,False,False,False,
2022-09-02,374.8922119140625,0.2776,46.26998223801066,0.009516666666666666,0.02983955288985859,0.21355191256830608,False,False,False,False,
2022-09-07,380.1872253417969,0.27135,43.49467140319715,0.009516060606060608,0.02983816767162493,0.2418764302059495,False,False,False,False,
2022-09-09,388.6172180175781,0.2476,32.948490230905854,0.007108181818181816,0.025550325612189236,-0.030730084165198734,False,False,False,False,
2022-09-12,392.79388427734375,0.24979999999999997,33.9253996447602,0.004924848484848481,0.021773725246523996,-0.013428120063191162,False,False,False,False,
2022-09-14,377.1479187011719,0.27495,45.093250444049744,0.004028787878787878,0.019253110138364855,0.0456360524814603,False,False,False,False,
2022-09-16,370.0214538574219,0.2838,49.02309058614564,0.003969090909090908,0.019096003072196614,0.022334293948126804,False,False,False,False,
2022-09-19,372.8910217285156,0.27080000000000004,43.25044404973359,0.0018496969696969717,0.012706013449457251,-0.002026902524414731,False,False,True,True,stagnant_iv
2022-09-21,362.1807861328125,0.29735,55.03996447602132,0.0030078787878787903,0.015824362370865257,0.20092891760904696,False,False,False,False,
2022-09-23,353.1212158203125,0.3135,62.211367673179396,0.004389090909090911,0.020077436201977026,0.2550040032025622,False,False,False,False,
2022-09-26,349.6278991699219,0.32765,68.49467140319715,0.006461212121212124,0.025473349908395847,0.19167121294780864,False,False,False,False,
2022-09-28,355.59722900390625,0.3123,61.67850799289521,0.007888484848484851,0.027197240464593198,0.10042283298097265,False,False,False,False,
2022-09-30,342.7852478027344,0.32545,67.5177619893428,0.00919575757575758,0.029484734279887518,0.20180945347119628,False,False,False,False,
2022-10-03,351.8351745605469,0.30165,56.949378330372994,0.006965757575757576,0.025463211480269116,0.014461072809820008,False,False,False,False,
2022-10-05,361.892822265625,0.29000000000000004,51.77619893428065,0.0035918181818181813,0.019992893876464603,-0.07496012759170645,True,False,False,True,spike_fade
2022-10-07,348.1690979003906,0.3127,61.85612788632325,0.0026454545454545437,0.018281672668428797,-0.045627956661071334,False,False,False,False,
2022-10-10,345.5107421875,0.3097,60.523978685612775,0.001667878787878784,0.016964698641591638,-0.008325328210054606,False,False,False,False,
2022-10-12,342.1902160644531,0.33085,69.91563055062166,0.0006633333333333302,0.013311983949310071,0.016592410508526445,False,False,False,False,
2022-10-14,343.21710205078125,0.30375,57.88188277087034,-0.0007772727272727289,0.012661192896231297,0.006961710591745662,False,False,False,False,
2022-10-17,352.0367126464844,0.29469999999999996,53.86323268206037,-0.001712424242424246,0.013875783261176042,0.016206896551723915,False,False,False,False,
2022-10-19,353.6490783691406,0.3023,57.238010657193605,-0.0010618181818181844,0.012739719166624749,-0.03325871442276929,False,False,False,False,
2022-10-24,363.60113525390625,0.30285,57.48223801065719,-0.0010972727272727278,0.012763804074196132,-0.022118178882789663,False,False,False,False,
2022-10-26,366.62408447265625,0.2944,53.73001776198934,-0.0006024242424242414,0.011607990542917635,-0.11017077225328697,True,False,False,True,spike_fade
2022-10-28,373.3420104980469,0.29495000000000005,53.974245115452945,-0.0012878787878787855,0.011965162393847052,-0.028971193415637808,False,False,False,False,
2022-10-31,370.6452941894531,0.28245,48.42362344582592,-0.0033506060606060574,0.013104071674272282,-0.041567695961995166,False,False,True,True,stagnant_iv
2022-11-02,359.7622985839844,0.27749999999999997,46.22557726465363,-0.004078484848484847,0.014788141833540462,-0.08203771088322875,False,True,False,True,declining_trend
2022-11-04,361.1827087402344,0.27059999999999995,43.161634103019516,-0.004956060606060609,0.016780843079072794,-0.10648836057454203,False,True,False,True,declining_trend
2022-11-07,364.6376037597656,0.2564,36.85612788632328,-0.004724242424242426,0.0158099792676798,-0.12907608695652162,False,True,False,True,declining_trend
2022-11-09,359.0520935058594,0.27215,43.849911190053284,-0.004537575757575758,0.01546419161231012,-0.07730123749788109,False,True,False,True,declining_trend
2022-11-11,382.4496154785156,0.21810000000000002,19.84902309058615,-0.007519393939393942,0.025649325310598495,-0.2278279341476367,False,False,False,False,
2022-11-14,379.1961975097656,0.21335,17.739786856127893,-0.009325151515151517,0.03086035977683303,-0.23117117117117103,False,False,False,False,
2022-11-16,379.5128479003906,0.21660000000000001,19.18294849023091,-0.009838787878787877,0.03214934766920741,-0.19955654101995546,False,False,False,False,
2022-11-18,380.06951904296875,0.21334999999999998,17.73978685612788,-0.010047575757575757,0.03262828059283021,-0.1679017160686429,False,False,False,False,
2022-11-21,378.6876220703125,0.20124999999999998,12.366785079928945,-0.009897272727272725,0.032230189867403884,-0.2605180966378836,False,False,False,False,
2022-11-23,386.2019958496094,0.1879,6.438721136767324,-0.010172727272727269,0.03296259833339755,-0.13846859238881248,False,False,False,False,
2022-11-25,386.11553955078125,0.1767,1.4653641207815264,-0.010243030303030302,0.03315908456047757,-0.17178345441762366,False,False,False,False,
2022-11-28,379.9543762207031,0.20095,12.2335701598579,-0.00822878787878788,0.029022799945330566,-0.07225300092336118,False,False,False,False,
2022-11-30,391.25,0.23904999999999998,29.15186500888099,-0.004238787878787882,0.02674710576243118,0.12045933911413176,False,True,False,True,declining_trend
2022-12-02,390.51104736328125,0.243,30.905861456483123,0.0012269696969696945,0.020574461650848475,0.20745341614906843,False,False,False,False,
2022-12-05,383.4860534667969,0.28045,47.5355239786856,0.005485454545454543,0.030167677699448305,0.49254922831293224,False,False,False,False,
2022-12-07,377.3152160644531,0.27815,46.51420959147425,0.008546060606060606,0.03568877663604892,0.5741369552914546,False,False,False,False,
2022-12-09,377.43035888671875,0.2599,38.41030195381884,0.010042424242424247,0.03731588282636665,0.29335655635730307,False,False,False,False,
2022-12-12,382.8717956542969,0.2976,55.15097690941384,0.012853636363636367,0.04273979702806291,0.24492783936414964,False,False,False,False,
2022-12-14,383.3036804199219,0.22235,21.73623445825932,0.00973242424242424,0.041303164056899155,-0.08497942386831281,False,False,False,False,
2022-12-16,369.5128479003906,0.21585,18.849911190053277,0.005110909090909092,0.03832932587748234,-0.23034408985558918,False,False,False,False,
2022-12-19,366.37939453125,0.22335,22.18028419182948,-0.00018696969696969657,0.031875321784868384,-0.19701599856192709,False,False,False,False,
2022-12-21,372.3666076660156,0.18130000000000002,3.5079928952042705,-0.006727272727272727,0.035378673739352794,-0.3024240092343209,False,False,False,False,
2022-12-23,369.1657409667969,0.1992,11.456483126110118,-0.009513030303030304,0.038146734606137996,-0.3306451612903226,False,False,False,False,
2022-12-28,363.14007568359375,0.2121,17.18472468916519,-0.010848787878787876,0.039126001939602674,-0.04609849336631433,False,False,False,False,
2022-12-30,368.7030029296875,0.23895,29.107460035523975,-0.00784878787878788,0.0360914675204236,0.107018763029882,False,False,False,False,
2023-01-04,369.98529052734375,0.22335,22.18028419182948,-0.0053500000000000015,0.032427598413834205,0.0,False,False,False,False,
2023-01-06,374.150146484375,0.2132,17.67317939609236,-0.003957272727272726,0.030533726798775068,0.17595146166574738,False,False,False,False,
2023-01-09,373.9381103515625,0.23625,27.90852575488454,0.0017721212121212125,0.016967465600050607,0.18599397590361444,False,False,False,False,
2023-01-11,381.3230895996094,0.2208,21.047957371225575,0.002385757575757576,0.016916002450014622,0.04101838755304099,False,False,False,False,
2023-01-13,384.1961669921875,0.17509999999999998,0.7548845470692626,9.212121212121005e-05,0.021389363919689153,-0.2672107135383972,False,False,False,False,
2023-01-20,381.6701965332031,0.21695,19.338365896980463,0.0010751515151515133,0.021118017583728776,-0.0286545780165659,False,False,False,False,
2023-01-23,386.249755859375,0.2347,27.220248667850793,0.00030060606060605997,0.019239092147673675,0.10084427767354587,False,False,False,False,
2023-01-25,385.9797668457031,0.2234,22.202486678507988,-0.0005442424242424257,0.018238957085194542,-0.054391534391534435,False,False,False,False,
2023-01-27,391.118408203125,0.20455,13.832149200710484,-0.0018506060606060602,0.01872810202758325,-0.07359601449275355,False,False,False,False,
2023-01-30,386.21112060546875,0.23225,26.132326820603915,0.00023545454545454694,0.018031029581745742,0.32638492290119947,False,False,False,False,
2023-02-01,396.05462646484375,0.21145,16.896092362344582,0.00022818181818181965,0.0180354288677718,-0.025351463470845825,False,False,False,False,
2023-02-03,397.54901123046875,0.20879999999999999,15.719360568383653,-0.00045606060606060496,0.018187804980261138,-0.11035364294844485,False,False,False,False,
2023-02-06,395.1195068359375,0.23265,26.309946714031966,0.001750606060606061,0.01778292017639431,0.04140555058191597,False,False,False,False,
2023-02-08,395.9100341796875,0.20825,15.475133214920067,0.0016400000000000004,0.017854330318192353,0.018088486922512637,False,False,False,False,
2023-02-10,393.39373779296875,0.22115,21.20337477797514,-0.0006615151515151513,0.011156688327835321,-0.047793326157158256,False,False,True,True,stagnant_iv
2023-02-13,398.01171875,0.23075,25.46625222024867,-0.00020757575757575643,0.011660032637652605,0.09127453298652166,False,False,False,False,
2023-02-15,399.12054443359375,0.1785,2.264653641207812,-0.0015875757575757573,0.016677600580153083,-0.14511494252873558,False,False,False,False,
2023-02-17,392.6417541503906,0.1991,11.412078152753107,-0.0019160606060606067,0.017110708959921027,-0.1442080378250591,False,False,False,False,
2023-02-22,384.2347717285156,0.2198,20.603907637655414,-0.0020775757575757577,0.0169782409768114,0.055462184873949605,False,False,False,False,
2023-02-24,382.1522521972656,0.21505000000000002,18.494671403197167,-0.0008363636363636348,0.01578357092394245,-0.027583088401537337,False,False,False,False,
2023-02-27,383.4537658691406,0.21445,18.22824156305506,-0.0008060606060606044,0.01578884979274261,-0.07063921993499467,False,False,False,False,
2023-03-01,380.57110595703125,0.2158,18.827708703374775,-0.000915151515151515,0.01574445228573508,0.2089635854341736,False,False,False,False,
2023-03-03,389.6818542480469,0.22110000000000002,21.181172291296633,0.0007700000000000009,0.014567247318709698,0.11049723756906094,False,False,False,False,
2023-03-06,389.9518737792969,0.21765,19.64920071047958,0.0007803030303030307,0.014573340385787014,-0.009781619654231077,False,False,False,False,
2023-03-08,384.6010437011719,0.23345,26.665186500888094,0.002398484848484849,0.015775685405078642,0.0855614973262031,False,False,False,False,
2023-03-10,372.05810546875,0.2901,51.82060390763766,0.00759757575757576,0.028540789524234972,0.3527628817906272,False,False,False,False,
2023-03-13,371.52777099609375,0.30369999999999997,57.85968028419182,0.009335757575757577,0.03483600627703113,0.4073215940685819,False,False,False,False,
2023-03-15,375.30712890625,0.27255,44.02753108348135,0.00923060606060606,0.034632178758426065,0.2327001356852103,False,False,False,False,
2023-03-17,377.4266052246094,0.28590000000000004,49.955595026643,0.010343333333333336,0.03652713793271491,0.3135768435561683,False,False,False,False,
2023-03-20,381.0558166503906,0.26125,39.009769094138534,0.008993636363636365,0.034927245414178444,0.11908331548511453,False,False,False,False,
2023-03-22,379.478271484375,0.2464,32.41563055062167,0.006233939393939395,0.03253095790508251,-0.15063771113409175,False,False,False,False,
2023-03-24,383.00103759765625,0.2375,28.46358792184724,0.00269151515151515,0.030287518514691927,-0.21797826802765885,False,False,False,False,
2023-03-27,383.7171630859375,0.2103,16.385435168738894,-0.002244242424242426,0.03186003417728559,-0.22839845899834899,False,False,False,False,
2023-03-29,388.4206848144531,0.20925,15.919182948490226,-0.007336363636363637,0.033067815840246734,-0.26810073452256045,False,False,False,False,
2023-03-31,396.2016296386719,0.20325,13.254884547069265,-0.011600606060606063,0.03646336974736922,-0.22200956937799043,False,False,False,False,
2023-04-03,397.7113952636719,0.18625,5.706039076376554,-0.012649393939393941,0.03910572599448295,-0.24411525974025972,False,False,False,False,
2023-04-05,394.4693603515625,0.19219999999999998,8.348134991118998,-0.011208181818181822,0.03513758710807842,-0.1907368421052632,False,False,False,False,
2023-04-10,396.4145202636719,0.2016,12.522202486678507,-0.009979393939393942,0.03278437805486727,-0.041369472182596234,False,False,False,False,
2023-04-12,394.9048156738281,0.19225,8.370337477797515,-0.00751060606060606,0.025513626533460586,-0.08124253285543603,False,False,False,False,
2023-04-14,399.1727294921875,0.1711,0.0,-0.006703636363636365,0.022750235652015456,-0.15817958179581793,False,False,False,False,
2023-04-17,400.60504150390625,0.14365,0.0,-0.0072912121212121185,0.025065071425303495,-0.22872483221476514,False,False,False,False,
2023-04-19,400.7986145019531,0.1769,13.0417728966464,-0.0054130303030303015,0.020483940186291412,-0.07960457856399572,False,False,False,False,
2023-04-21,398.9210510253906,0.19345,19.53324181212003,-0.003710909090909089,0.01915751665650986,-0.040426587301587213,False,False,False,False,
2023-04-24,399.33721923828125,0.20575,24.357717199450867,-0.001203636363636362,0.018732915179200466,0.07022106631989589,False,False,False,False,
2023-04-26,391.33367919921875,0.2123,26.926848401647373,0.0013033333333333334,0.019812039689710778,0.24079485680888357,False,False,False,False,
2023-04-28,402.53094482421875,0.18385,15.767797607373998,0.0010154545454545464,0.019843981035400676,0.2798468499825968,False,False,False,False,
2023-05-01,402.12445068359375,0.17595,12.669150813885075,0.000722424242424242,0.020062737710603015,-0.005370265686828746,False,False,False,False,
2023-05-03,394.87579345703125,0.2012,22.573053539909782,0.0026303030303030297,0.020027838958143765,0.04006203153269561,False,False,False,False,
2023-05-05,399.33721923828125,0.1931,19.39595999215532,0.003477878787878787,0.020060786098478212,-0.061482381530984176,False,False,False,False,
2023-05-08,399.4437255859375,0.19835000000000003,21.45518729162582,0.0031915151515151527,0.019700987002911747,-0.0657089024964671,False,False,False,False,
2023-05-10,399.5501403808594,0.17245,11.296332614238082,-0.0006678787878787877,0.013577661392482081,-0.06200707098177871,False,False,False,False,
2023-05-12,398.3307800292969,0.18285,15.375563836046288,-0.0020924242424242416,0.012992823874055707,0.03921568627450989,False,False,False,False,
2023-05-15,399.7049865722656,0.19475,20.04314571484605,-0.0018366666666666648,0.01301626013022894,-0.032057654075546616,False,False,True,True,stagnant_iv
2023-05-17,401.8534851074219,0.1704,10.492253383016276,-0.0021048484848484837,0.013667605658799702,-0.1175556706369757,False,False,False,False,
2023-05-19,405.13427734375,0.17795,13.453618356540497,-0.0010960606060606063,0.011102928792790947,-0.10284850012603997,False,False,False,False,
2023-05-22,405.2987976074219,0.19840000000000002,21.474798980192205,-0.0004521212121212106,0.011851249348111787,0.15047839953609765,False,False,False,False,
2023-05-24,397.84686279296875,0.1872,17.08178074132183,-0.001122121212121211,0.011253148942012648,0.0237899917965545,False,False,False,False,
2023-05-26,406.48919677734375,0.20295000000000002,23.25946263973329,0.000613939393939395,0.011497966003699595,0.04210526315789487,False,False,True,True,stagnant_iv
2023-06-02,414.13470458984375,0.18359999999999999,15.66973916454206,0.0007333333333333324,0.011407180974184068,0.07746478873239426,False,False,False,False,
2023-06-07,412.8088684082031,0.17620000000000002,12.767209256717013,0.0009142424242424256,0.01108049462393804,-0.009834223096375272,False,False,False,False,
2023-06-09,416.0509033203125,0.17859999999999998,13.708570307903504,-0.00023212121212121315,0.010481035784268648,-0.09979838709677435,False,False,False,False,
2023-06-12,419.8252868652344,0.1737,11.786624828397722,-0.001026969696969698,0.01109890510115539,-0.07211538461538469,False,False,False,False,
2023-06-14,423.0964050292969,0.16720000000000002,9.237105314767607,-0.0012721212121212125,0.011643362439128018,-0.17615176151761514,False,False,False,False,
2023-06-16,426.88275146484375,0.12315,0.0,-0.005209393939393942,0.021831952246395576,-0.32924836601307184,False,False,False,False,
2023-06-21,422.4920959472656,0.13535,4.429115992013069,-0.007405151515151517,0.025458256137362655,-0.23183881952326912,False,False,False,False,
2023-06-23,420.8116149902344,0.12154999999999999,0.0,-0.008473939393939395,0.028261389051338553,-0.3194288913773796,False,False,False,False,
2023-06-26,419.0923156738281,0.13435,4.620104674246528,-0.00865969696969697,0.02857804178424808,-0.22654001151410474,False,False,False,False,
2023-06-28,423.900634765625,0.1471,9.222162064609282,-0.006459393939393939,0.024318959224806157,-0.12021531100478466,False,False,False,False,
2023-06-30,430.5934143066406,0.1185,0.0,-0.006432121212121213,0.024251943793803087,-0.037758830694275325,False,False,False,False,
2023-07-05,430.4477844238281,0.1376,6.8189932167083205,-0.005067272727272726,0.022171400497036853,0.01662356852604363,False,False,False,False,
2023-07-07,425.998779296875,0.1326,5.033916458407712,-0.0033472727272727274,0.018614985003127794,0.09090909090909105,False,False,False,False,
2023-07-10,427.0770263671875,0.14865,10.764012852552662,-0.0005209090909090914,0.014721308252552577,0.10643840714551556,False,False,False,False,
2023-07-12,433.2550048828125,0.14345,8.907533023920028,0.0018921212121212124,0.010566435328698191,-0.024813052345343367,False,False,False,False,
2023-07-14,436.4217529296875,0.12664999999999998,2.9096751160299856,0.0007399999999999994,0.010210620832142555,0.06877637130801673,False,False,False,False,
2023-07-17,437.9371032714844,0.1405,7.854337736522678,0.0011142424242424247,0.010382208339269916,0.02107558139534893,False,False,False,False,
2023-07-19,442.17230224609375,0.14225,8.47911460192788,0.0006015151515151509,0.009398523820260598,0.0727752639517345,False,False,False,False,
2023-07-21,439.2386779785156,0.12945,3.9093181006783344,-6.969696969697044e-06,0.009684961136846552,-0.12916246215943483,False,False,False,False,
2023-07-24,441.200927734375,0.1283,3.4987504462691907,0.00023121212121212167,0.009251439827880558,-0.10561171139769954,False,False,False,False,
2023-07-26,442.473388671875,0.1379,6.926097822206355,-0.0006857575757575758,0.007278432752546331,0.08882747729964469,False,False,False,False,
2023-07-28,443.8430480957031,0.12090000000000001,0.856836843984296,-0.0014918181818181812,0.008812177496069176,-0.13950177935943064,False,False,False,False,
2023-07-31,444.6881408691406,0.12115000000000001,0.9460906818993263,-0.0024151515151515147,0.00985072473363171,-0.1483304042179261,False,False,False,False,
2023-08-02,437.2474060058594,0.15385,12.620492681185288,-0.00034606060606060565,0.010805651813339019,0.1884897643877943,False,False,False,False,
2023-08-04,434.0224914550781,0.16015000000000001,14.869689396644063,0.0016569696969696982,0.013344969922117776,0.24824629773967288,False,False,False,False,
2023-08-07,437.810791015625,0.14895,10.871117458050698,0.0017266666666666667,0.013451307247500986,0.08013052936910814,False,False,False,False,
2023-08-09,432.9927673339844,0.17525000000000002,20.260621206711896,0.0038839393939393957,0.017843035522765536,0.4495450785773367,False,False,False,False,
2023-08-11,432.8955993652344,0.1502,11.317386647625849,0.004370303030303031,0.018040583878208397,0.2397853900123812,False,False,False,False,
2023-08-14,435.2851867675781,0.14465,9.335951445912176,0.0036042424242424243,0.01743889649923748,-0.05979850503737394,False,False,False,False,
2023-08-16,427.0576171875,0.16570000000000001,16.851124598357735,0.0037254545454545466,0.01767558265580596,0.03465501092725565,False,False,False,False,
2023-08-18,424.00750732421875,0.1693,18.13637986433417,0.004229696969696971,0.0184784679499623,0.13662302786169866,False,False,False,False,
2023-08-21,426.7662353515625,0.1728,19.385933595144593,0.0034109090909090925,0.016234103335605495,-0.013980028530670485,False,False,False,False,
2023-08-23,430.3505859375,0.16544999999999999,16.761870760442697,0.0015787878787878785,0.010712018172750623,0.10153129161118502,False,False,False,False,
2023-08-25,427.3781433105469,0.14445,9.26454837558015,0.0002442424242424226,0.011736524187339547,-0.0013826477704804718,False,False,False,False,
2023-08-28,430.0883483886719,0.14945,11.049625133880758,-0.00028363636363636487,0.012169684557219567,-0.09806879903439958,False,False,False,False,
2023-08-30,438.1022033691406,0.1266,2.8918243484469817,-0.002674848484848487,0.015686973541409924,-0.2522150029533373,False,False,False,False,
2023-09-01,438.2770690917969,0.1315,4.641199571581582,-0.0027745454545454553,0.01593981388431723,-0.23900462962962965,False,False,False,False,
2023-09-06,433.4492492675781,0.1759,20.492681185290966,-0.0015921212121212131,0.017600839626437187,0.06316107585373243,False,False,False,False,
2023-09-08,432.7693176269531,0.13965,7.550874687611568,-0.00306848484848485,0.017981181520937237,-0.03322949117341645,False,False,False,False,
2023-09-11,435.61553955078125,0.13465,5.765797929310959,-0.0033536363636363646,0.01842702197559048,-0.09902977584476413,False,False,False,False,
2023-09-13,433.7309875488281,0.1586,14.316315601570864,-0.0017160606060606068,0.017533720686469165,0.2527646129541865,False,False,False,False,
2023-09-15,432.20001220703125,0.1318,4.748304177079617,-0.0011772727272727269,0.016338068191258947,0.0022813688212928174,False,False,False,False,
2023-09-18,432.4534606933594,0.14725,10.264191360228489,0.00021121212121212084,0.014852722346799465,-0.1628766344513929,False,False,False,False,
2023-09-20,427.5892028808594,0.14629999999999999,9.92502677615137,0.00036848484848484746,0.014870668370244252,0.04761904761904745,False,False,False,False,
2023-09-22,419.5762634277344,0.17504999999999998,20.18921813637986,0.0024048484848484836,0.017796351061695664,0.30003713330857784,False,False,False,False,
2023-09-25,421.34063720703125,0.16515000000000002,16.65476615494467,0.0020675757575757577,0.017113543207387442,0.041298865069357094,False,False,False,False,
2023-09-27,415.3163757324219,0.17704999999999999,20.903248839700105,0.0022387878787878783,0.017526294531360766,0.34332321699544743,False,False,False,False,
2023-09-29,416.7103576660156,0.17670000000000002,20.778293466619076,0.004798787878787881,0.017633084434286395,0.20000000000000018,False,False,False,False,
2023-10-02,416.5446472167969,0.1822,22.74187790074973,0.005232424242424245,0.018567523169951177,0.24538619275461393,False,False,False,False,
2023-10-04,413.9614562988281,0.17914999999999998,21.652981078186354,0.004650606060606062,0.017241990894325623,0.023421879463010553,False,False,False,False,
2023-10-06,418.71844482421875,0.16825,17.761513745091044,0.004531515151515154,0.017180783839317145,0.018770814411141368,False,False,False,False,
2023-10-09,421.399169921875,0.16695,17.297393787932876,0.0024378787878787883,0.012659459572457076,-0.05704603219429538,False,False,False,False,
2023-10-11,425.32763671875,0.15175,11.870760442699035,0.00011909090909090925,0.011879895482144411,-0.1411997736276176,False,False,False,False,
2023-10-13,420.6290283203125,0.1812,22.38486254908961,-0.0007112121212121216,0.009381170561881933,-0.005488474204171201,False,False,True,True,stagnant_iv
2023-10-16,425.0547180175781,0.16235,15.655123170296322,-0.0010760606060606077,0.009823504975313488,-0.09377616522467203,False,False,False,False,
2023-10-18,419.37152099609375,0.1921,26.276329882184935,-0.0003242424242424249,0.011560593987046803,0.14175334323922728,False,False,False,False,
2023-10-20,410.5788269042969,0.20984999999999998,32.613352374152086,0.0018624242424242403,0.0162830859756036,0.25696316262354,False,False,False,False,
2023-10-23,409.8671875,0.19865,28.61478043555873,0.003017272727272727,0.017652532868307504,0.30906095551894563,False,False,False,False,
2023-10-25,407.0304870605469,0.19915,28.793288111388787,0.0043,0.018747604291393532,0.09906181015452531,False,False,False,False,
2023-10-27,400.3336181640625,0.2141,34.13066761870761,0.00598939393939394,0.02144109566541189,0.3187557745611336,False,False,False,False,
2023-10-30,405.119873046875,0.1991,28.77543734380578,0.005710303030303032,0.02106978088796081,0.036439354502863175,False,False,False,False,
2023-11-03,423.73870849609375,0.1461,9.853623705819354,0.002079696969696972,0.02413950254941772,-0.30378842030021436,False,False,False,False,
2023-11-06,424.7135009765625,0.14045000000000002,7.836486968939672,-0.002619696969696967,0.02607817787175941,-0.2929775987918448,False,False,False,False,
2023-11-09,422.91009521484375,0.16094999999999998,15.155301677972147,-0.00410060606060606,0.02711180759578973,-0.19181521466231488,False,False,False,False,
2023-11-10,429.5095520019531,0.12755,3.2309889325240997,-0.008414545454545454,0.0317848933369998,-0.40425035030359646,False,False,False,False,
2023-11-13,429.10009765625,0.1331,5.212424134237772,-0.010020606060606061,0.034409325286420184,-0.33149171270718236,False,False,False,False,
2023-11-16,438.88720703125,0.12155,1.0888968225633742,-0.010358181818181818,0.035194453477154074,-0.16803559206023277,False,False,False,False,
2023-11-17,439.4331359863281,0.11595,0.0,-0.010677575757575757,0.03587582751658846,-0.17443930224279114,False,False,False,False,
2023-11-20,442.8156433105469,0.11835000000000001,0.849106669025301,-0.009830303030303031,0.03408174975946321,-0.2646784715750231,False,False,False,False,
2023-11-21,441.8505554199219,0.12315000000000001,2.5473200070758932,-0.006745151515151515,0.025438992926433104,-0.03449627597020766,False,False,False,False,
2023-11-22,443.5564880371094,0.1042,0.0,-0.004591212121212122,0.016504326873749104,-0.21712997746055596,False,False,False,False,
2023-11-24,443.8294372558594,0.11105,2.3267663043478244,-0.004446666666666667,0.01622049800578134,-0.0863842040312629,False,False,False,False,
2023-11-27,443.0301208496094,0.11265,2.870244565217391,-0.004166666666666666,0.015774469527971124,-0.028460543337645472,False,False,False,False,
2023-11-29,443.1568603515625,0.12355,6.572690217391301,-0.0015884848484848486,0.008488613288138176,0.04393747359526823,False,False,False,False,
2023-12-01,447.5337219238281,0.14,14.014484243491882,0.00011363636363636383,0.010531261663363175,0.1368250101502233,False,False,False,False,
2023-12-04,445.1844482421875,0.15339999999999998,19.473580051454576,0.0027657575757575746,0.014477934360029893,0.47216890595009575,False,False,False,False,
2023-12-06,443.3030700683594,0.14150000000000001,14.76350682762716,0.003752727272727273,0.015675107655132744,0.2742008104457454,False,False,False,False,
2023-12-08,448.60601806640625,0.1297,10.09301405105878,0.0034809090909090914,0.015454996495200766,0.15135375055481592,False,False,False,False,
2023-12-11,450.3509216308594,0.1386,13.615673857114585,0.0036878787878787886,0.015701613505199656,0.12181303116147313,False,False,False,False,
2023-12-13,458.64654541015625,0.11105,2.711260637245199,0.0024666666666666674,0.016541802266446772,-0.20678571428571435,False,False,False,False,
2023-12-15,459.36090087890625,0.11249999999999999,3.285177122501479,0.00020787878787878778,0.01546803154897227,-0.2666232073011734,False,False,False,False,
2023-12-18,461.9448547363281,0.11545,4.452800316643576,-0.0015339393939393948,0.015006976155552952,-0.1840989399293287,False,False,False,False,
2023-12-20,458.31365966796875,0.1198,6.17454977241243,-0.0029851515151515158,0.014359190823688944,-0.07632999228989978,False,False,False,False,
2023-12-22,463.58917236328125,0.12154999999999999,6.867207599445871,-0.003700909090909092,0.014450287386607823,-0.12301587301587313,False,False,False,False,
2023-12-27,466.3883972167969,0.11515,4.334058974866418,-0.0036448484848484847,0.014361642586340146,0.0369203061683927,False,False,False,False,
2023-12-29,465.2138671875,0.1195,6.055808430635264,-0.002156969696969699,0.010667010411127937,0.06222222222222218,False,False,False,False,
2024-01-03,458.8324279785156,0.12235,7.1838511775183065,-0.0008960606060606065,0.008337667206386016,0.05976613252490259,False,False,False,False,
2024-01-05,457.9808349609375,0.12355000000000001,7.658816544626958,-0.00012424242424242352,0.007798361651298603,0.03130217028380633,False,False,False,False,
2024-01-08,464.51898193359375,0.11510000000000001,4.314268751236892,0.000854545454545456,0.004317985641476817,-0.053064582476347044,False,False,False,False,
2024-01-10,466.4373779296875,0.11410000000000001,3.918464278646351,0.00022696969696969866,0.003890476263332746,-0.009118541033434568,False,False,False,False,
2024-01-12,466.5547790527344,0.1147,4.155946962200671,-0.0003081818181818175,0.003602410458444608,-0.04016736401673637,False,False,False,False,
2024-01-17,462.258056640625,0.1397,14.051058776964176,0.0006903030303030302,0.0075741886254128594,0.14180629342051487,False,False,False,False,
2024-01-19,472.1826171875,0.12965,10.073223827429246,0.0011366666666666663,0.0080888142930016,0.049372723593686496,False,False,False,False,
2024-01-22,473.1810302734375,0.12585,8.569166831585193,0.0013730303030303017,0.008203185356920831,0.09339704604691557,False,False,False,False,
2024-01-24,475.0798034667969,0.1242,7.916089451810808,0.0010406060606060598,0.007859820467273935,0.08851884312007008,False,False,False,False,
2024-01-26,477.0569152832031,0.1248,8.153572135365128,0.0009212121212121198,0.007785670598392099,0.08805579773321703,False,False,False,False,
2024-01-29,480.8349304199219,0.1357,12.467840886602014,0.0015221212121212101,0.008678935226550966,-0.02863278453829643,False,False,False,False,
2024-01-31,472.62310791015625,0.1468,16.861270532357022,0.0026466666666666665,0.011102146939518843,0.13227921326648695,False,False,False,False,
2024-02-02,483.8494567871094,0.12990000000000002,10.172174945576892,0.0020042424242424257,0.010287203485668818,0.032181168057211273,False,False,False,False,
2024-02-05,482.08770751953125,0.13415,12.079048195200643,0.0013475757575757592,0.009038173672448137,0.08011272141706915,False,False,False,False,
2024-02-07,487.51983642578125,0.11295,3.528937285743092,-0.0006684848484848472,0.009389184084774304,-0.09495192307692313,False,False,False,False,
2024-02-09,490.5539855957031,0.11255,3.367614438394837,-0.0010184848484848478,0.010275116922827638,-0.1705969049373618,False,False,False,False,
2024-02-12,490.338623046875,0.11760000000000001,5.404315386166571,-0.0014339393939393932,0.010712427881256054,-0.19891008174386926,False,False,False,False,
2024-02-14,487.9798278808594,0.1262,8.872756604154068,-0.001487575757575757,0.010710821371138882,-0.02848344880677456,False,False,False,False,
2024-02-16,488.89990234375,0.1281,9.639040129058277,-0.0015518181818181816,0.010689357375965691,-0.045098770033544566,False,False,False,False,
2024-02-21,486.6487121582031,0.13205,11.232103246622305,-0.0014078787878787878,0.010778476495106193,0.16910137228862343,False,False,False,False,
2024-02-23,497.0627136230469,0.12295,7.562008469449488,-0.0011215151515151526,0.01046335536792842,0.09240337627721029,False,False,False,False,
2024-02-26,495.2422180175781,0.11955,6.190764266989315,-0.00012606060606060616,0.00772984835268817,0.01658163265306123,False,False,False,False,
2024-02-28,495.5064697265625,0.12525,8.489614841701957,0.00038393939393939475,0.007443306090411432,-0.007527733755942956,False,False,False,False,
2024-03-01,501.95648193359375,0.12955,10.223835450695706,0.0014681818181818183,0.006801398957404138,0.011319281811085213,False,False,False,False,
2024-03-04,501.418212890625,0.1303,10.526315789473685,0.0012357575757575754,0.006234260180646984,-0.013252555850056802,False,False,False,False,
2024-03-06,498.92236328125,0.14934999999999998,18.209316394434357,0.001805454545454544,0.0087921303195276,0.2147214314762096,False,False,False,False,
2024-03-08,500.85052490234375,0.15184999999999998,19.217584190360956,0.0024021212121212105,0.010712947773605598,0.2701798410706815,False,False,False,False,
2024-03-11,500.41986083984375,0.1534,21.707478491065526,0.0032415151515151515,0.012514992120564008,0.22475049900199617,False,False,False,False,
2024-03-13,505.0102233886719,0.13015,11.449371277299798,0.0026096969696969684,0.012419760241020997,0.004631416441528202,False,False,False,False,
2024-03-15,500.55108642578125,0.1431,17.163026693139205,0.002922727272727272,0.012672486601558047,0.09823484267075977,False,False,False,False,
2024-03-18,503.5259094238281,0.13265,12.552393558349875,0.0019251515151515145,0.011952058167715135,-0.11181787746903249,False,False,False,False,
2024-03-20,511.00726318359375,0.11645,5.404809177145379,-0.00030030303030303035,0.012469951661672392,-0.23312479420480736,False,False,False,False,
2024-03-22,511.72393798828125,0.11385,4.257666004853301,-0.002249999999999999,0.014008867231547048,-0.25782268578878753,False,False,False,False,
2024-03-25,510.31011962890625,0.1116,3.264945951908231,-0.0038975757575757564,0.015826159778459675,-0.14252785247791,False,False,False,False,
2024-03-27,513.6482543945312,0.112,3.4414295168762417,-0.005255757575757574,0.017205648297385794,-0.21733053808525504,False,False,False,False,
2024-04-01,512.6565551757812,0.12110000000000001,7.456430619898528,-0.004625757575757575,0.016229774592807337,-0.08707124010554068,False,False,False,False,
2024-04-03,509.9566955566406,0.1348,13.500992720052949,-0.0027393939393939386,0.014298286610639796,0.15757835981107782,False,False,False,False,
2024-04-05,508.99456787109375,0.1562,22.942863445841613,0.0006242424242424259,0.014889851129768488,0.3719806763285023,False,False,False,False,
2024-04-08,509.27923583984375,0.1412,16.324729759541142,0.0015857575757575763,0.015530175823573678,0.2652329749103941,False,False,False,False,
2024-04-10,504.7629699707031,0.15084999999999998,20.582395764394438,0.003803030303030303,0.016513331314762396,0.3468749999999998,False,False,False,False,
2024-04-12,501.552490234375,0.17155,29.71542025148909,0.006358787878787879,0.021329749699005463,0.41659785301403796,False,False,False,False,
2024-04-15,495.2690124511719,0.19724999999999998,41.05448930068387,0.008764848484848483,0.02848466253968969,0.46327893175074175,False,False,False,False,
2024-04-17,491.43994140625,0.18080000000000002,33.796602691374375,0.009120909090909091,0.029241741949176413,0.15749039692701672,False,False,False,False,
2024-04-19,486.1480712890625,0.1881,37.0174277520406,0.008913636363636363,0.028740380516308818,0.3321529745042493,False,False,False,False,
2024-04-22,490.6250915527344,0.16260000000000002,25.766600485329818,0.006414848484848486,0.024376325604979956,0.07789194564136581,False,False,False,False,
2024-04-24,496.2115173339844,0.15445,22.170747849106558,0.0034648484848484864,0.020342992241391994,-0.09967939376275137,False,False,False,False,
2024-04-26,499.0096740722656,0.147,18.883741451577322,0.0006175757575757584,0.018712384490848163,-0.2547528517110266,False,False,False,False,
2024-04-29,500.7768859863281,0.14215,16.743878226340172,-0.0012154545454545443,0.01993411996775605,-0.2137721238938054,False,False,False,False,
2024-05-01,491.24359130859375,0.1596,24.44297374806971,-0.0029263636363636362,0.018429717095555853,-0.1515151515151515,False,False,False,False,
2024-05-03,501.9845275878906,0.1357,13.89808074123097,-0.005520606060606063,0.02029062728344191,-0.16543665436654387,False,False,False,False,
2024-05-06,507.16839599609375,0.12975,11.272887712331793,-0.006875757575757577,0.02270593167728061,-0.15992230495305926,False,False,False,False,
2024-05-08,507.77703857421875,0.12719999999999998,10.147804985660702,-0.006150000000000003,0.02055125097571115,-0.13469387755102047,False,False,False,False,
2024-05-10,511.3607177734375,0.127,10.059563203176706,-0.005682727272727275,0.019397557835975174,-0.10657755891663734,False,False,False,False,
2024-05-13,511.4293518066406,0.14405,17.582175159938238,-0.0031466666666666674,0.013094167488703679,-0.09743107769423542,False,False,False,False,
2024-05-15,520.137939453125,0.1071,1.2795058460180897,-0.003792121212121212,0.015399098097688206,-0.2107590272660279,False,False,False,False,
2024-05-17,519.81396484375,0.1024,0.0,-0.004564545454545453,0.017630677966418592,-0.21078998073217725,False,False,False,False,
2024-05-20,520.4129638671875,0.1057,1.444517399868679,-0.005022727272727272,0.01858851273113473,-0.16902515723270428,False,False,False,False,
2024-05-22,520.1871337890625,0.11445,5.2746771722477535,-0.004826363636363635,0.01831831885178217,-0.09881889763779528,False,False,False,False,
2024-05-24,519.80419921875,0.1101,3.370540599693587,-0.0033681818181818175,0.014255904234932202,-0.23568205484206872,False,False,False,False,
2024-05-29,516.5249633789062,0.13785,15.517618734952944,-0.0013896969696969691,0.014526848706217593,0.28711484593837544,False,False,False,False,
2024-05-31,517.7719116210938,0.1347,14.13876121689647,-5.757575757575881e-06,0.014952878764082043,0.3154296874999998,False,False,False,False,
2024-06-03,518.1939086914062,0.13824999999999998,15.692711753118834,0.0013418181818181797,0.015839451449536524,0.3079470198675496,False,False,False,False,
2024-06-05,524.9390258789062,0.1349,14.226307725979423,0.002359393939393937,0.01629804010030389,0.17868064657055482,False,False,False,False,
2024-06-07,524.291015625,0.13285,13.328956007879183,0.004306060606060605,0.01502180267329983,0.20663033605812897,False,False,False,False,
2024-06-10,525.9109497070312,0.1299,12.037644998905662,0.003764242424242423,0.014248036901817673,-0.05767138193688803,False,False,False,False,
2024-06-12,531.5072021484375,0.1147,5.384110308601441,0.001803636363636363,0.012601384403663417,-0.14847809948032664,False,False,False,False,
2024-06-14,532.9014282226562,0.11945,7.463339899321513,0.00017303030303030282,0.010848503481023578,-0.13598553345388775,False,False,False,False,
2024-06-17,537.1427001953125,0.11535000000000001,5.668636463121035,-0.0012645454545454542,0.010738623178870773,-0.14492216456634532,False,False,False,False,
2024-06-21,536.3245849609375,0.11699999999999999,6.390895163055369,-0.002913030303030302,0.009719294956139945,-0.11930748964998117,False,False,False,False,
2024-06-24,534.5811157226562,0.1208,8.05427883563143,-0.0025878787878787857,0.009181557602063104,-0.07005388760585052,False,False,False,False,
2024-06-26,537.3095703125,0.1118,4.1146859268986615,-0.0027569696969696952,0.009560334722173831,-0.025283347863993,False,False,False,False,
2024-06-28,536.0389404296875,0.1243,9.586342744583055,-0.0017299999999999991,0.00807064123846442,0.04060276266220164,False,False,False,False,
2024-07-01,537.14208984375,0.10705,2.0354563361785956,-0.0016981818181818174,0.007969357983342754,-0.07195491980927615,False,False,False,False,
2024-07-03,543.1701049804688,0.11030000000000001,3.4580871087765397,-0.001288181818181817,0.006823531588066058,-0.05726495726495717,False,False,False,False,
2024-07-05,546.3023071289062,0.11135,3.9177062814620265,-0.0007442424242424235,0.005297368319374528,-0.07822847682119205,False,False,False,False,
2024-07-08,546.9326782226562,0.11695,7.226222994785196,-0.0006833333333333331,0.0053210300798917625,0.0460644007155635,False,False,False,False,
2024-07-10,552.8818359375,0.11510000000000001,6.308991554893197,-0.00043393939393939347,0.005130735273276748,-0.074014481094127,False,False,False,False,
2024-07-12,551.5718383789062,0.1099,3.7257824143070017,-0.0006887878787878781,0.005373156014444143,0.026623073330219515,False,False,False,False,
2024-07-15,553.0886840820312,0.11535000000000001,6.433184302036763,-0.00047030303030302977,0.005311298230083732,0.045784224841341814,False,False,False,False,
2024-07-17,548.5677490234375,0.13475,16.07054148037755,0.0010796969696969705,0.008237180275366733,0.2101481814099686,False,False,False,False,
2024-07-19,540.7372436523438,0.1597,28.464977645305517,0.0032215151515151527,0.015998077141401234,0.3655408294142797,False,False,False,False,
2024-07-22,546.3121337890625,0.14215,19.74664679582712,0.004658787878787879,0.017406125996965116,0.23501303214596003,False,False,False,False,
2024-07-24,533.0938720703125,0.17915,38.12717337307502,0.006747878787878788,0.02406483372521459,0.6301182893539583,False,False,False,False,
2024-07-26,536.2556762695312,0.1661,31.644311972180823,0.007467878787878787,0.025549407473016403,0.4399653229302123,False,False,False,False,
2024-07-29,536.5708618164062,0.16444999999999999,30.824639841033274,0.007491515151515151,0.02559439825864689,0.22040816326530588,False,False,False,False,
2024-08-12,525.2535400390625,0.2017,49.329359165424734,0.009276666666666667,0.030535899182583353,0.26299311208515963,False,False,False,False,
2024-08-14,535.5759887695312,0.16055,28.88723298559364,0.007666666666666665,0.028253988902257596,0.12944073162152647,False,False,False,False,
2024-08-16,545.977294921875,0.14375,20.541480377545945,0.004242727272727271,0.024203386471043132,-0.19759977672341622,False,False,False,False,
2024-08-19,551.197509765625,0.147,22.155986090412316,0.0009490909090909072,0.019866823265602237,-0.11499096929560504,False,False,False,False,
2024-08-21,552.1923828125,0.14665,21.98211624441133,-0.001453939393939395,0.018500393389211035,-0.10823958650045595,False,False,False,False,
2024-08-23,553.6796264648438,0.14379999999999998,20.566318926974656,-0.002493333333333334,0.01930188822081655,-0.2870599900842836,False,False,False,False,
2024-08-26,552.3598022460938,0.14024999999999999,18.802781917536006,-0.0047036363636363656,0.019500310538838064,-0.12644036125817515,False,False,False,False,
2024-08-28,549.9072875976562,0.1567,26.974664679582716,-0.0035269696969696964,0.01821626943757227,0.09008695652173926,False,False,False,False,
2024-08-30,555.2063598632812,0.13579999999999998,16.592151018380513,-0.004088181818181818,0.01905276372486581,-0.07619047619047625,False,False,False,False,
2024-09-04,542.6677856445312,0.1921,44.560357675111774,-0.001321212121212122,0.022433682513379707,0.30992158199795417,False,False,False,False,
2024-09-06,532.2369384765625,0.22255,59.687034277198215,0.0052548484848484855,0.027470712181845335,0.5476356050069542,False,False,False,False,
2024-09-09,538.1959228515625,0.19274999999999998,44.88325881768504,0.007209393939393939,0.02949615841276825,0.374331550802139,False,False,False,False,
2024-09-11,546.0855102539062,0.1774,37.257824143070046,0.006816363636363637,0.02908223971200766,0.13209955328653478,False,False,False,False,
2024-09-12,550.6854858398438,0.1634,30.303030303030297,0.005468484848484848,0.028376935078412772,0.20324005891016217,False,False,False,False,
2024-09-13,553.5614624023438,0.15885,28.04272230501738,0.00365030303030303,0.027651108075044423,-0.17308693388859975,False,False,False,False,
2024-09-16,554.3790283203125,0.1552,26.229508196721312,0.0012951515151515163,0.026746235456809996,-0.30262862278139746,False,False,False,False,
2024-09-17,554.60546875,0.1635,30.352707401887734,-0.0009821212121212109,0.024865485338338374,-0.15175097276264582,False,False,False,False,
2024-09-18,552.9607543945312,0.17335,35.24590163934427,-0.0019072727272727251,0.024290988269543932,-0.02282976324689967,False,False,False,False,
2024-09-19,562.3966064453125,0.13590000000000002,16.641828117237964,-0.006470303030303028,0.02427376269875696,-0.1682986536107709,False,False,False,False,
2024-09-20,561.4244384765625,0.146,21.659215101838047,-0.006730303030303028,0.02472225493131437,-0.08089392508655968,False,False,False,False,
2024-09-23,562.827392578125,0.1404,18.877297565822154,-0.004706969696969696,0.017505971203500396,-0.09536082474226804,False,False,False,False,
2024-09-24,564.4378051757812,0.13665,17.014406358668648,-0.0038790909090909093,0.014876548472157483,-0.16422018348623857,False,False,False,False,
2024-09-25,563.1929321289062,0.1383,17.834078489816196,-0.003304545454545454,0.013421116239386242,-0.20219209691375828,False,False,False,False,
2024-09-26,565.4258422851562,0.13729999999999998,17.337307501241916,-0.0032439393939393954,0.013312639148986078,0.010301692420897401,False,False,False,False,
2024-09-27,564.6057739257812,0.1586,27.918529557873818,-0.0020084848484848506,0.013291354750781305,0.08630136986301373,False,False,False,False,
2024-09-30,566.8682861328125,0.16515,31.172379533035265,-0.0006560606060606086,0.014189100864161166,0.17628205128205132,False,False,False,False,
2024-10-01,561.7899780273438,0.18264999999999998,39.86587183308494,0.002083636363636361,0.01724867466728339,0.336626417855836,False,False,False,False,
2024-10-02,562.0271606445312,0.1457,21.51018380526577,0.00323242424242424,0.015468768714915898,0.053506869125090395,False,False,False,False,
2024-10-03,560.9996337890625,0.1852,41.13263785394933,0.004374242424242425,0.01850632699616257,0.3488710852148582,False,False,False,False,
2024-10-04,566.0975952148438,0.16105,29.135618479880776,0.004274545454545455,0.01843185648092292,0.015447667087011396,False,False,False,False,
2024-10-07,560.9798583984375,0.19645,46.72131147540984,0.005550000000000002,0.021697855116731588,0.18952467453829858,False,False,False,False,
2024-10-08,566.285400390625,0.16349999999999998,30.35270740188772,0.00409878787878788,0.019984018614883477,-0.10484533260333972,False,False,False,False,
2024-10-09,570.2076416015625,0.1532,25.23596621957278,0.0018703030303030322,0.0183979950598491,0.051475634866163356,False,False,False,False,
2024-10-10,569.2098388671875,0.1506,23.94436164927969,-0.0007472727272727254,0.01657289956525441,-0.18682505399568028,False,False,False,False,
2024-10-11,572.6183471679688,0.14705000000000001,22.180824639841042,-0.0022996969696969676,0.01753663546217868,-0.08692952499223838,False,False,False,False,
2024-10-14,577.3014526367188,0.14645,21.88276204669647,-0.0033081818181818165,0.01849615650765219,-0.2545176889793841,False,False,False,False,
2024-10-15,572.8159790039062,0.14305,20.19374068554397,-0.0031087878787878775,0.018100602353390435,-0.12507645259938815,False,False,False,False,
2024-10-16,575.3057250976562,0.13915,18.256333830104317,-0.005105454545454544,0.01875122514515924,-0.0917101827676241,False,False,False,False,
2024-10-17,575.3550415039062,0.1381,17.73472429210134,-0.004446666666666666,0.017167472472997224,-0.08300132802124838,False,False,False,False,
2024-10-18,577.5682373046875,0.1371,17.237953303527075,-0.0048815151515151515,0.017714840765113836,-0.0676640598435907,False,False,False,False,
2024-10-21,576.6196899414062,0.14650000000000002,21.907600596125196,-0.002153333333333332,0.007998895757124069,0.00034141345169014237,False,False,True,True,stagnant_iv
2024-10-22,576.3134765625,0.1353,16.343765524093392,-0.0016272727272727274,0.006065063890842653,-0.054176861237329677,False,False,False,False,
2024-10-23,571.0474853515625,0.1544,25.832091405861902,-0.0004042424242424243,0.006282966390700345,0.10959396334890426,False,False,False,False,
2024-10-24,572.282470703125,0.17985,38.474913065077004,0.002019090909090909,0.013016409515172406,0.30231716147719045,False,False,False,False,
2024-10-25,572.0848388671875,0.20495,50.94386487829111,0.005220303030303032,0.022566248765209927,0.4948942377826404,False,False,False,False,
2024-10-29,574.7820434570312,0.201,48.98161947342276,0.0074642424242424244,0.02708594141288482,0.3720136518771331,False,False,False,False,
2024-10-30,573.0432739257812,0.21015,53.52707401887731,0.00931939393939394,0.031013912648645062,0.5532150776053215,False,False,False,False,
2024-10-31,561.8097534179688,0.2374,67.0640834575261,0.011587575757575758,0.03701917108442312,0.5375647668393781,False,False,False,False,
2024-11-01,564.1809692382812,0.2255,61.1525086934923,0.011945757575757577,0.03778639562652751,0.25382262996941884,False,False,False,False,
2024-11-04,562.9656372070312,0.24575,78.11989100817436,0.01228242424242424,0.038663586084181384,0.19907294462063918,False,False,False,False,
2024-11-05,569.7730102539062,0.2137,60.65395095367846,0.010180606060606062,0.03515578030550461,0.06318407960199002,False,False,False,False,
2024-11-06,583.9407348632812,0.1493,29.52470884482215,0.003004848484848483,0.03243071246690595,-0.28955507970497274,False,False,False,False,
2024-11-07,588.455810546875,0.14285,28.09027777777777,-0.0034190909090909103,0.03446415569512469,-0.3982729570345408,False,False,False,False,
2024-11-08,591.0048217773438,0.14105,26.961981164980823,-0.008104545454545455,0.039000897781689525,-0.3745011086474501,False,False,False,False,
2024-11-11,591.5679931640625,0.14434999999999998,29.26403906522496,-0.010466363636363638,0.04223112629066142,-0.4126144455747712,False,False,False,False,
2024-11-13,590.016845703125,0.12769999999999998,17.64911056853853,-0.013265151515151518,0.04647126501637584,-0.4024333177351428,False,False,False,False,
2024-11-14,586.2229614257812,0.12825,18.0327868852459,-0.014535454545454546,0.048480041998973517,-0.14099129269926314,False,False,False,False,
2024-11-15,578.7142333984375,0.14615,30.519707010812695,-0.012020000000000001,0.0439260729964437,0.023101155057752898,False,True,False,True,declining_trend
2024-11-18,581.0853881835938,0.14575,30.240669689570975,-0.009213636363636365,0.03897673843318473,0.03332151719248477,False,True,False,True,declining_trend
2024-11-19,583.2095947265625,0.14134999999999998,27.171259155912086,-0.004330606060606063,0.02417796804714774,-0.020782819535850372,False,True,False,True,declining_trend
2024-11-20,583.4071655273438,0.14984999999999998,33.10080223229856,0.00014484848484848335,0.007790050634552741,0.17345340642130003,False,False,False,False,
2024-11-21,586.5391235351562,0.15225,34.77502615974887,0.0012318181818181805,0.008158650828007048,0.1871345029239766,False,False,False,False,
2024-11-22,588.3570556640625,0.13285000000000002,21.241716079525652,0.000794848484848486,0.008635664099792842,-0.09100239479986305,False,False,False,False,
2024-11-25,590.3528442382812,0.12985,19.14893617021276,0.00019545454545454749,0.0093210648533312,-0.10909090909090913,False,False,False,False,
2024-11-26,593.435302734375,0.11805,10.91733519358214,-0.0006918181818181804,0.011386991847425677,-0.16483905199858495,False,False,False,False,
2024-11-27,591.6370849609375,0.11535000000000001,9.033833275200562,-0.0025175757575757562,0.013076764805477798,-0.23023023023023004,False,False,False,False,
2024-11-29,595.3124389648438,0.12390000000000001,14.998256016742245,-0.0036906060606060587,0.01342969450302014,-0.18620689655172407,False,False,False,False,
2024-12-02,596.3795776367188,0.1258,16.323683292640386,-0.003513939393939392,0.01318201636911288,-0.05306736921339883,False,False,False,False,
2024-12-03,596.6561279296875,0.13175,20.47436344611092,-0.002792727272727271,0.012460114142512838,0.014632268001540272,False,False,True,True,stagnant_iv
2024-12-04,600.361083984375,0.1287,18.346703871642838,-0.00236151515151515,0.012052133282812232,0.09021601016518432,False,False,False,False,
2024-12-05,599.3731079101562,0.13240000000000002,20.92779909312872,-0.0010084848484848477,0.010097931581379697,0.14781100996965768,False,False,False,False,
2024-12-06,600.50927734375,0.12245,13.98674572724102,0.00017333333333333334,0.006115681119512199,-0.011702986279257477,False,False,False,False,
2024-12-09,597.4168701171875,0.14175,27.450296477153813,0.001475757575757576,0.007658510153925524,0.1267885532591415,False,False,False,False,
2024-12-10,595.5594482421875,0.13874999999999998,25.35751656784094,0.002306666666666665,0.008497672884057563,0.05313092979127121,False,False,False,False,
2024-12-11,600.1635131835938,0.11995,12.242762469480292,0.0012175757575757559,0.008271443512336924,-0.067987567987568,False,False,False,False,
2024-12-12,597.071044921875,0.118,10.88245552842692,-0.00018090909090909268,0.007849998230714778,-0.10876132930513616,False,False,False,False,
2024-12-13,596.9525146484375,0.11760000000000001,10.603418207185216,-0.001063333333333334,0.00847434199346622,-0.03960800326663938,False,False,False,False,
2024-12-16,599.5015258789062,0.11674999999999999,10.010463899546558,-0.0017890909090909105,0.009157292176184112,-0.1763668430335097,False,False,False,False,
2024-12-17,597.031494140625,0.12725,17.33519358214161,-0.0014357575757575768,0.008996721625125605,-0.08288288288288281,False,False,False,False,
2024-12-18,579.2379150390625,0.21985,81.93233344959889,0.0038196969696969686,0.03097048998643715,0.8328470195914963,False,False,False,False,
2024-12-19,579.0599975585938,0.21395,77.81653296128358,0.007895151515151516,0.03960411173939736,0.813135593220339,False,False,False,False,
2024-12-20,586.01513671875,0.14179999999999998,27.48517614230902,0.006383333333333334,0.03892112429859487,0.2057823129251699,False,False,False,False,
2024-12-23,589.5243530273438,0.12925,18.730380188350193,0.005239090909090909,0.0392565426252605,0.10706638115631706,False,False,False,False,
2024-12-24,596.076904296875,0.0877,0.0,0.0017799999999999988,0.04318354110332115,-0.3108055009823183,False,False,False,False,
2024-12-26,596.11669921875,0.10969999999999999,13.919645681746278,-0.001113636363636364,0.043808611849980215,-0.5010234250625427,False,False,False,False,
2024-12-27,589.8416137695312,0.12390000000000001,22.904144258146165,-0.0032384848484848486,0.04354550142603079,-0.4208927319467165,False,False,False,False,
2024-12-30,583.110595703125,0.1454,36.507434356216386,-0.004288787878787878,0.042926451635326275,0.025387870239774513,False,False,False,False,
2024-12-31,580.9891967773438,0.12980000000000003,26.637140145523585,-0.006583636363636361,0.04228210023165838,0.004255319148936287,False,False,False,False,
2025-01-02,579.5616455078125,0.15205000000000002,40.71496361910789,-0.007123030303030301,0.04199108900178181,0.7337514253135693,False,False,False,False,
2025-01-03,586.8081665039062,0.12819999999999998,25.62480227776019,-0.003090606060606059,0.03295001475298951,0.16864175022789407,False,False,False,False,
2025-01-06,590.1885375976562,0.13240000000000002,28.28218918063905,0.0018884848484848507,0.018473978696774866,0.06860371267150933,False,False,False,False,
2025-01-07,583.5169677734375,0.1437,35.43182537171781,0.003662424242424243,0.018640469712727568,-0.011691884456671353,False,False,False,False,
2025-01-08,584.3694458007812,0.1351,29.99050933248972,0.004107575757575758,0.018768094232263274,0.04083204930662543,False,False,False,False,
2025-01-10,575.4476928710938,0.1586,44.85922176526415,0.0029936363636363624,0.014403048481330599,0.04307793488983869,False,False,False,False,
2025-01-13,576.3399047851562,0.16875,51.28124011388802,0.0030406060606060596,0.014578500151478952,0.31630265210608455,False,False,False,False,
2025-01-14,577.1329345703125,0.1582,44.606137298323326,0.0027430303030303023,0.01392192914473842,0.19486404833836857,False,False,False,False,
2025-01-15,587.6309814453125,0.11935,20.025308446694083,0.0013439393939393928,0.016144298099053933,-0.16945024356297844,False,False,False,False,
2025-01-16,586.5008544921875,0.13155,27.74438468838975,-0.00011393939393939427,0.015998781203579397,-0.026276831976313808,False,True,False,True,declining_trend
2025-01-17,592.3892822265625,0.13325,28.819993672888334,-1.6969696969695858e-05,0.01589398558505017,-0.1598360655737704,False,False,False,False,
2025-01-21,597.8117065429688,0.12785,25.40335336918696,-0.0015766666666666672,0.015925438246193985,-0.24237037037037046,False,True,False,True,declining_trend
2025-01-22,601.1723022460938,0.11505,17.304650427080038,-0.00355030303030303,0.01778757056673763,-0.27275600505689,False,False,False,False,
2025-01-23,604.45361328125,0.1123,15.564694716861752,-0.004710303030303031,0.019574856321311868,-0.059069962295768774,False,False,False,False,
2025-01-24,602.6890258789062,0.11845,19.455868396077193,-0.005727575757575758,0.020352573547342916,-0.0995819080197643,False,False,False,False,
2025-01-27,594.1637573242188,0.1617,46.820626384055686,-0.0026172727272727276,0.02078230350295394,0.21350844277673553,False,False,False,False,
2025-01-28,599.26904296875,0.13415,29.389433723505213,-0.000370606060606061,0.01701148386629852,0.04927649589362537,False,True,False,True,declining_trend
2025-01-29,596.58251953125,0.1369,31.129389433723503,0.0017421212121212118,0.014383622051949714,0.18991742720556282,False,False,False,False,
2025-01-30,599.7844848632812,0.13415,29.389433723505213,0.0013730303030303024,0.014031176595947607,0.1945681211041852,False,False,False,False,
